Code,Term,Name,Catalog CIP Code,College
AEPS,2182 ,Ag and Environmental Plant Science,01.1102 AEPS,CAGR
AEPS,2184 ,Ag and Environmental Plant Science,01.1102 AEPS,CAGR
AEPS,2186 ,Ag and Environmental Plant Science,01.1102 AEPS,CAGR
AEPS,2188 ,Ag and Environmental Plant Science,01.1102 AEPS,CAGR
AEPS,2192 ,Ag and Environmental Plant Science,01.1102 AEPS,CAGR
AEPS,2194 ,Ag and Environmental Plant Science,01.1102 AEPS,CAGR
AEPS,2196 ,Ag and Environmental Plant Science,01.1102 AEPS,CAGR
AEPS,2198 ,Ag and Environmental Plant Science,01.1102 AEPS,CAGR
AEPS,2202 ,Ag and Environmental Plant Science,01.1102 AEPS,CAGR
AEPS,2204 ,Ag and Environmental Plant Science,01.1102 AEPS,CAGR
AEPS,2206 ,Ag and Environmental Plant Science,01.1102 AEPS,CAGR
AEPS,2208 ,Ag and Environmental Plant Science,01.1102 AEPS,CAGR
AEPS,2212 ,Ag and Environmental Plant Science,01.1102 AEPS,CAGR
AEPS,2214 ,Ag and Environmental Plant Science,01.1102 AEPS,CAGR
AEPS,2216 ,Ag and Environmental Plant Science,01.1102 AEPS,CAGR
AEPS,2218 ,Ag and Environmental Plant Science,01.1102 AEPS,CAGR
AEPS,2222 ,Ag and Environmental Plant Science,01.1102 AEPS,CAGR
AEPS,2224 ,Ag and Environmental Plant Science,01.1102 AEPS,CAGR
AG,2182 ,Agriculture,01.0000 AG,CAGR
AG,2184 ,Agriculture,01.0000 AG,CAGR
AG,2188 ,Agriculture,01.0000 AG,CAGR
AG,2192 ,Agriculture,01.0000 AG,CAGR
AG,2194 ,Agriculture,01.0000 AG,CAGR
AG,2198 ,Agriculture,01.0000 AG,CAGR
AG,2202 ,Agriculture,01.0000 AG,CAGR
AG,2204 ,Agriculture,01.0000 AG,CAGR
AG,2208 ,Agriculture,01.0000 AG,CAGR
AG,2212 ,Agriculture,01.0000 AG,CAGR
AG,2214 ,Agriculture,01.0000 AG,CAGR
AG,2218 ,Agriculture,01.0000 AG,CAGR
AG,2222 ,Agriculture,01.0000 AG,CAGR
AG,2224 ,Agriculture,01.0000 AG,CAGR
AGB,2182 ,Agribusiness,01.0101 AGB,CAGR
AGB,2184 ,Agribusiness,01.0101 AGB,CAGR
AGB,2186 ,Agribusiness,01.0101 AGB,CAGR
AGB,2188 ,Agribusiness,01.0101 AGB,CAGR
AGB,2192 ,Agribusiness,01.0101 AGB,CAGR
AGB,2194 ,Agribusiness,01.0101 AGB,CAGR
AGB,2196 ,Agribusiness,01.0101 AGB,CAGR
AGB,2198 ,Agribusiness,01.0101 AGB,CAGR
AGB,2202 ,Agribusiness,01.0101 AGB,CAGR
AGB,2204 ,Agribusiness,01.0101 AGB,CAGR
AGB,2206 ,Agribusiness,01.0101 AGB,CAGR
AGB,2208 ,Agribusiness,01.0101 AGB,CAGR
AGB,2212 ,Agribusiness,01.0101 AGB,CAGR
AGB,2214 ,Agribusiness,01.0101 AGB,CAGR
AGB,2216 ,Agribusiness,01.0101 AGB,CAGR
AGB,2218 ,Agribusiness,01.0101 AGB,CAGR
AGB,2222 ,Agribusiness,01.0101 AGB,CAGR
AGB,2224 ,Agribusiness,01.0101 AGB,CAGR
AGC,2182 ,Agricultural Communication,01.0000 AGC,CAGR
AGC,2184 ,Agricultural Communication,01.0000 AGC,CAGR
AGC,2186 ,Agricultural Communication,01.0000 AGC,CAGR
AGC,2188 ,Agricultural Communication,01.0000 AGC,CAGR
AGC,2192 ,Agricultural Communication,01.0000 AGC,CAGR
AGC,2194 ,Agricultural Communication,01.0000 AGC,CAGR
AGC,2198 ,Agricultural Communication,01.0000 AGC,CAGR
AGC,2202 ,Agricultural Communication,01.0000 AGC,CAGR
AGC,2204 ,Agricultural Communication,01.0000 AGC,CAGR
AGC,2208 ,Agricultural Communication,01.0000 AGC,CAGR
AGC,2212 ,Agricultural Communication,01.0000 AGC,CAGR
AGC,2214 ,Agricultural Communication,01.0000 AGC,CAGR
AGC,2218 ,Agricultural Communication,01.0000 AGC,CAGR
AGC,2222 ,Agricultural Communication,01.0000 AGC,CAGR
AGC,2224 ,Agricultural Communication,01.0000 AGC,CAGR
AGED,2182 ,Agricultural Education,01.0000 AGED,CAGR
AGED,2184 ,Agricultural Education,01.0000 AGED,CAGR
AGED,2186 ,Agricultural Education,01.0000 AGED,CAGR
AGED,2188 ,Agricultural Education,01.0000 AGED,CAGR
AGED,2192 ,Agricultural Education,01.0000 AGED,CAGR
AGED,2194 ,Agricultural Education,01.0000 AGED,CAGR
AGED,2196 ,Agricultural Education,01.0000 AGED,CAGR
AGED,2198 ,Agricultural Education,01.0000 AGED,CAGR
AGED,2202 ,Agricultural Education,01.0000 AGED,CAGR
AGED,2204 ,Agricultural Education,01.0000 AGED,CAGR
AGED,2208 ,Agricultural Education,01.0000 AGED,CAGR
AGED,2212 ,Agricultural Education,01.0000 AGED,CAGR
AGED,2214 ,Agricultural Education,01.0000 AGED,CAGR
AGED,2218 ,Agricultural Education,01.0000 AGED,CAGR
AGED,2222 ,Agricultural Education,01.0000 AGED,CAGR
AGED,2224 ,Agricultural Education,01.0000 AGED,CAGR
ASCI,2182 ,Animal Science,01.0901 ASCI,CAGR
ASCI,2184 ,Animal Science,01.0901 ASCI,CAGR
ASCI,2186 ,Animal Science,01.0901 ASCI,CAGR
ASCI,2188 ,Animal Science,01.0901 ASCI,CAGR
ASCI,2192 ,Animal Science,01.0901 ASCI,CAGR
ASCI,2194 ,Animal Science,01.0901 ASCI,CAGR
ASCI,2196 ,Animal Science,01.0901 ASCI,CAGR
ASCI,2198 ,Animal Science,01.0901 ASCI,CAGR
ASCI,2202 ,Animal Science,01.0901 ASCI,CAGR
ASCI,2204 ,Animal Science,01.0901 ASCI,CAGR
ASCI,2206 ,Animal Science,01.0901 ASCI,CAGR
ASCI,2208 ,Animal Science,01.0901 ASCI,CAGR
ASCI,2212 ,Animal Science,01.0901 ASCI,CAGR
ASCI,2214 ,Animal Science,01.0901 ASCI,CAGR
ASCI,2216 ,Animal Science,01.0901 ASCI,CAGR
ASCI,2218 ,Animal Science,01.0901 ASCI,CAGR
ASCI,2222 ,Animal Science,01.0901 ASCI,CAGR
ASCI,2224 ,Animal Science,01.0901 ASCI,CAGR
BRAE,2182 ,BioResource and Agricultural Engineering,14.0301 BRAE,CAGR
BRAE,2184 ,BioResource and Agricultural Engineering,14.0301 BRAE,CAGR
BRAE,2186 ,BioResource and Agricultural Engineering,14.0301 BRAE,CAGR
BRAE,2188 ,BioResource and Agricultural Engineering,14.0301 BRAE,CAGR
BRAE,2192 ,BioResource and Agricultural Engineering,14.0301 BRAE,CAGR
BRAE,2194 ,BioResource and Agricultural Engineering,14.0301 BRAE,CAGR
BRAE,2196 ,BioResource and Agricultural Engineering,14.0301 BRAE,CAGR
BRAE,2198 ,BioResource and Agricultural Engineering,14.0301 BRAE,CAGR
BRAE,2202 ,BioResource and Agricultural Engineering,14.0301 BRAE,CAGR
BRAE,2204 ,BioResource and Agricultural Engineering,14.0301 BRAE,CAGR
BRAE,2206 ,BioResource and Agricultural Engineering,14.0301 BRAE,CAGR
BRAE,2208 ,BioResource and Agricultural Engineering,14.0301 BRAE,CAGR
BRAE,2212 ,BioResource and Agricultural Engineering,14.0301 BRAE,CAGR
BRAE,2214 ,BioResource and Agricultural Engineering,14.0301 BRAE,CAGR
BRAE,2216 ,BioResource and Agricultural Engineering,14.0301 BRAE,CAGR
BRAE,2218 ,BioResource and Agricultural Engineering,14.0301 BRAE,CAGR
BRAE,2222 ,BioResource and Agricultural Engineering,14.0301 BRAE,CAGR
BRAE,2224 ,BioResource and Agricultural Engineering,14.0301 BRAE,CAGR
DSCI,2182 ,Dairy Science,01.0905 DSCI,CAGR
DSCI,2184 ,Dairy Science,01.0905 DSCI,CAGR
DSCI,2186 ,Dairy Science,01.0905 DSCI,CAGR
DSCI,2188 ,Dairy Science,01.0905 DSCI,CAGR
DSCI,2192 ,Dairy Science,01.0905 DSCI,CAGR
DSCI,2194 ,Dairy Science,01.0905 DSCI,CAGR
DSCI,2196 ,Dairy Science,01.0905 DSCI,CAGR
DSCI,2198 ,Dairy Science,01.0905 DSCI,CAGR
DSCI,2202 ,Dairy Science,01.0905 DSCI,CAGR
DSCI,2204 ,Dairy Science,01.0905 DSCI,CAGR
DSCI,2206 ,Dairy Science,01.0905 DSCI,CAGR
DSCI,2208 ,Dairy Science,01.0905 DSCI,CAGR
DSCI,2212 ,Dairy Science,01.0905 DSCI,CAGR
DSCI,2214 ,Dairy Science,01.0905 DSCI,CAGR
DSCI,2216 ,Dairy Science,01.0905 DSCI,CAGR
DSCI,2218 ,Dairy Science,01.0905 DSCI,CAGR
DSCI,2222 ,Dairy Science,01.0905 DSCI,CAGR
DSCI,2224 ,Dairy Science,01.0905 DSCI,CAGR
ERSC,2182 ,Earth Science,40.0601 ERSC,CAGR
ERSC,2184 ,Earth Science,40.0601 ERSC,CAGR
ERSC,2188 ,Earth Science,40.0601 ERSC,CAGR
ERSC,2192 ,Earth Science,40.0601 ERSC,CAGR
ERSC,2194 ,Earth Science,40.0601 ERSC,CAGR
ERSC,2196 ,Earth Science,40.0601 ERSC,CAGR
ERSC,2198 ,Earth Science,40.0601 ERSC,CAGR
ERSC,2202 ,Earth Science,40.0601 ERSC,CAGR
ERSC,2204 ,Earth Science,40.0601 ERSC,CAGR
ERSC,2208 ,Earth Science,40.0601 ERSC,CAGR
ERSC,2212 ,Earth Science,40.0601 ERSC,CAGR
ERSC,2214 ,Earth Science,40.0601 ERSC,CAGR
ERSC,2216 ,Earth Science,40.0601 ERSC,CAGR
ERSC,2218 ,Earth Science,40.0601 ERSC,CAGR
ERSC,2222 ,Earth Science,40.0601 ERSC,CAGR
ERSC,2224 ,Earth Science,40.0601 ERSC,CAGR
ESCI,2196 ,Environmental Sciences,03.0104 ESCI,CAGR
ESCI,2198 ,Environmental Sciences,03.0104 ESCI,CAGR
ESCI,2202 ,Environmental Sciences,03.0104 ESCI,CAGR
ESCI,2204 ,Environmental Sciences,03.0104 ESCI,CAGR
ESCI,2206 ,Environmental Sciences,03.0104 ESCI,CAGR
ESCI,2208 ,Environmental Sciences,03.0104 ESCI,CAGR
ESCI,2212 ,Environmental Sciences,03.0104 ESCI,CAGR
ESCI,2214 ,Environmental Sciences,03.0104 ESCI,CAGR
ESCI,2216 ,Environmental Sciences,03.0104 ESCI,CAGR
ESCI,2218 ,Environmental Sciences,03.0104 ESCI,CAGR
ESCI,2222 ,Environmental Sciences,03.0104 ESCI,CAGR
ESCI,2224 ,Environmental Sciences,03.0104 ESCI,CAGR
FSN,2182 ,Food Science and Nutrition,01.1001 FSN,CAGR
FSN,2184 ,Food Science and Nutrition,01.1001 FSN,CAGR
FSN,2186 ,Food Science and Nutrition,01.1001 FSN,CAGR
FSN,2188 ,Food Science and Nutrition,01.1001 FSN,CAGR
FSN,2192 ,Food Science and Nutrition,01.1001 FSN,CAGR
FSN,2194 ,Food Science and Nutrition,01.1001 FSN,CAGR
FSN,2196 ,Food Science and Nutrition,01.1001 FSN,CAGR
FSN,2198 ,Food Science and Nutrition,01.1001 FSN,CAGR
FSN,2202 ,Food Science and Nutrition,01.1001 FSN,CAGR
FSN,2204 ,Food Science and Nutrition,01.1001 FSN,CAGR
FSN,2206 ,Food Science and Nutrition,01.1001 FSN,CAGR
FSN,2208 ,Food Science and Nutrition,01.1001 FSN,CAGR
FSN,2212 ,Food Science and Nutrition,01.1001 FSN,CAGR
FSN,2214 ,Food Science and Nutrition,01.1001 FSN,CAGR
FSN,2216 ,Food Science and Nutrition,01.1001 FSN,CAGR
FSN,2218 ,Food Science and Nutrition,01.1001 FSN,CAGR
FSN,2222 ,Food Science and Nutrition,01.1001 FSN,CAGR
FSN,2224 ,Food Science and Nutrition,01.1001 FSN,CAGR
MSL,2182 ,Military Science Leadership,29.0101 MSL,CAGR
MSL,2184 ,Military Science Leadership,29.0101 MSL,CAGR
MSL,2188 ,Military Science Leadership,29.0101 MSL,CAGR
MSL,2192 ,Military Science Leadership,29.0101 MSL,CAGR
MSL,2194 ,Military Science Leadership,29.0101 MSL,CAGR
MSL,2198 ,Military Science Leadership,29.0101 MSL,CAGR
MSL,2202 ,Military Science Leadership,29.0101 MSL,CAGR
MSL,2204 ,Military Science Leadership,29.0101 MSL,CAGR
MSL,2208 ,Military Science Leadership,29.0101 MSL,CAGR
MSL,2212 ,Military Science Leadership,29.0101 MSL,CAGR
MSL,2214 ,Military Science Leadership,29.0101 MSL,CAGR
MSL,2218 ,Military Science Leadership,29.0101 MSL,CAGR
MSL,2222 ,Military Science Leadership,29.0101 MSL,CAGR
MSL,2224 ,Military Science Leadership,29.0101 MSL,CAGR
NR,2182 ,Natural Resources,03.0501 NR,CAGR
NR,2184 ,Natural Resources,03.0501 NR,CAGR
NR,2186 ,Natural Resources,03.0501 NR,CAGR
NR,2188 ,Natural Resources,03.0501 NR,CAGR
NR,2192 ,Natural Resources,03.0501 NR,CAGR
NR,2194 ,Natural Resources,03.0501 NR,CAGR
NR,2196 ,Natural Resources,03.0501 NR,CAGR
NR,2198 ,Natural Resources,03.0501 NR,CAGR
NR,2202 ,Natural Resources,03.0501 NR,CAGR
NR,2204 ,Natural Resources,03.0501 NR,CAGR
NR,2206 ,Natural Resources,03.0501 NR,CAGR
NR,2208 ,Natural Resources,03.0501 NR,CAGR
NR,2212 ,Natural Resources,03.0501 NR,CAGR
NR,2214 ,Natural Resources,03.0501 NR,CAGR
NR,2216 ,Natural Resources,03.0501 NR,CAGR
NR,2218 ,Natural Resources,03.0501 NR,CAGR
NR,2222 ,Natural Resources,03.0501 NR,CAGR
NR,2224 ,Natural Resources,03.0501 NR,CAGR
RPTA,2182 ,"Recreation, Parks and Tourism Administration",31.0301 RPTA,CAGR
RPTA,2184 ,"Recreation, Parks and Tourism Administration",31.0301 RPTA,CAGR
RPTA,2188 ,"Recreation, Parks and Tourism Administration",31.0301 RPTA,CAGR
RPTA,2192 ,"Recreation, Parks and Tourism Administration",31.0301 RPTA,CAGR
RPTA,2194 ,"Recreation, Parks and Tourism Administration",31.0301 RPTA,CAGR
RPTA,2196 ,"Recreation, Parks and Tourism Administration",31.0301 RPTA,CAGR
RPTA,2198 ,"Recreation, Parks and Tourism Administration",31.0301 RPTA,CAGR
RPTA,2202 ,"Recreation, Parks and Tourism Administration",31.0301 RPTA,CAGR
RPTA,2204 ,"Recreation, Parks and Tourism Administration",31.0301 RPTA,CAGR
RPTA,2206 ,"Recreation, Parks and Tourism Administration",31.0301 RPTA,CAGR
RPTA,2208 ,"Recreation, Parks and Tourism Administration",31.0301 RPTA,CAGR
RPTA,2212 ,"Recreation, Parks and Tourism Administration",31.0301 RPTA,CAGR
RPTA,2214 ,"Recreation, Parks and Tourism Administration",31.0301 RPTA,CAGR
RPTA,2216 ,"Recreation, Parks and Tourism Administration",31.0301 RPTA,CAGR
RPTA,2218 ,"Recreation, Parks and Tourism Administration",31.0301 RPTA,CAGR
RPTA,2222 ,"Recreation, Parks and Tourism Administration",31.0301 RPTA,CAGR
RPTA,2224 ,"Recreation, Parks and Tourism Administration",31.0301 RPTA,CAGR
SS,2182 ,Soil Science,01.1201 SS,CAGR
SS,2184 ,Soil Science,01.1201 SS,CAGR
SS,2186 ,Soil Science,01.1201 SS,CAGR
SS,2188 ,Soil Science,01.1201 SS,CAGR
SS,2192 ,Soil Science,01.1201 SS,CAGR
SS,2194 ,Soil Science,01.1201 SS,CAGR
SS,2198 ,Soil Science,01.1201 SS,CAGR
SS,2202 ,Soil Science,01.1201 SS,CAGR
SS,2204 ,Soil Science,01.1201 SS,CAGR
SS,2206 ,Soil Science,01.1201 SS,CAGR
SS,2208 ,Soil Science,01.1201 SS,CAGR
SS,2212 ,Soil Science,01.1201 SS,CAGR
SS,2214 ,Soil Science,01.1201 SS,CAGR
SS,2216 ,Soil Science,01.1201 SS,CAGR
SS,2218 ,Soil Science,01.1201 SS,CAGR
SS,2222 ,Soil Science,01.1201 SS,CAGR
SS,2224 ,Soil Science,01.1201 SS,CAGR
WVIT,2182 ,Wine and Viticulture,01.1103 WVIT,CAGR
WVIT,2184 ,Wine and Viticulture,01.1103 WVIT,CAGR
WVIT,2186 ,Wine and Viticulture,01.1103 WVIT,CAGR
WVIT,2188 ,Wine and Viticulture,01.1103 WVIT,CAGR
WVIT,2192 ,Wine and Viticulture,01.1103 WVIT,CAGR
WVIT,2194 ,Wine and Viticulture,01.1103 WVIT,CAGR
WVIT,2196 ,Wine and Viticulture,01.1103 WVIT,CAGR
WVIT,2198 ,Wine and Viticulture,01.1103 WVIT,CAGR
WVIT,2202 ,Wine and Viticulture,01.1103 WVIT,CAGR
WVIT,2204 ,Wine and Viticulture,01.1103 WVIT,CAGR
WVIT,2206 ,Wine and Viticulture,01.1103 WVIT,CAGR
WVIT,2208 ,Wine and Viticulture,01.1103 WVIT,CAGR
WVIT,2212 ,Wine and Viticulture,01.1103 WVIT,CAGR
WVIT,2214 ,Wine and Viticulture,01.1103 WVIT,CAGR
WVIT,2216 ,Wine and Viticulture,01.1103 WVIT,CAGR
WVIT,2218 ,Wine and Viticulture,01.1103 WVIT,CAGR
WVIT,2222 ,Wine and Viticulture,01.1103 WVIT,CAGR
WVIT,2224 ,Wine and Viticulture,01.1103 WVIT,CAGR
ARCE,2182 ,Architectural Engineering,14.0401 ARCE,CAED
ARCE,2184 ,Architectural Engineering,14.0401 ARCE,CAED
ARCE,2186 ,Architectural Engineering,14.0401 ARCE,CAED
ARCE,2188 ,Architectural Engineering,14.0401 ARCE,CAED
ARCE,2192 ,Architectural Engineering,14.0401 ARCE,CAED
ARCE,2194 ,Architectural Engineering,14.0401 ARCE,CAED
ARCE,2196 ,Architectural Engineering,14.0401 ARCE,CAED
ARCE,2198 ,Architectural Engineering,14.0401 ARCE,CAED
ARCE,2202 ,Architectural Engineering,14.0401 ARCE,CAED
ARCE,2204 ,Architectural Engineering,14.0401 ARCE,CAED
ARCE,2206 ,Architectural Engineering,14.0401 ARCE,CAED
ARCE,2208 ,Architectural Engineering,14.0401 ARCE,CAED
ARCE,2212 ,Architectural Engineering,14.0401 ARCE,CAED
ARCE,2214 ,Architectural Engineering,14.0401 ARCE,CAED
ARCE,2216 ,Architectural Engineering,14.0401 ARCE,CAED
ARCE,2218 ,Architectural Engineering,14.0401 ARCE,CAED
ARCE,2222 ,Architectural Engineering,14.0401 ARCE,CAED
ARCE,2224 ,Architectural Engineering,14.0401 ARCE,CAED
ARCH,2182 ,Architecture,04.0201 ARCH,CAED
ARCH,2184 ,Architecture,04.0201 ARCH,CAED
ARCH,2186 ,Architecture,04.0201 ARCH,CAED
ARCH,2188 ,Architecture,04.0201 ARCH,CAED
ARCH,2192 ,Architecture,04.0201 ARCH,CAED
ARCH,2194 ,Architecture,04.0201 ARCH,CAED
ARCH,2196 ,Architecture,04.0201 ARCH,CAED
ARCH,2198 ,Architecture,04.0201 ARCH,CAED
ARCH,2202 ,Architecture,04.0201 ARCH,CAED
ARCH,2204 ,Architecture,04.0201 ARCH,CAED
ARCH,2206 ,Architecture,04.0201 ARCH,CAED
ARCH,2208 ,Architecture,04.0201 ARCH,CAED
ARCH,2212 ,Architecture,04.0201 ARCH,CAED
ARCH,2214 ,Architecture,04.0201 ARCH,CAED
ARCH,2216 ,Architecture,04.0201 ARCH,CAED
ARCH,2218 ,Architecture,04.0201 ARCH,CAED
ARCH,2222 ,Architecture,04.0201 ARCH,CAED
ARCH,2224 ,Architecture,04.0201 ARCH,CAED
CM,2182 ,Construction Management,14.0801 CM,CAED
CM,2184 ,Construction Management,14.0801 CM,CAED
CM,2186 ,Construction Management,14.0801 CM,CAED
CM,2188 ,Construction Management,14.0801 CM,CAED
CM,2192 ,Construction Management,14.0801 CM,CAED
CM,2194 ,Construction Management,14.0801 CM,CAED
CM,2196 ,Construction Management,14.0801 CM,CAED
CM,2198 ,Construction Management,14.0801 CM,CAED
CM,2202 ,Construction Management,14.0801 CM,CAED
CM,2204 ,Construction Management,14.0801 CM,CAED
CM,2206 ,Construction Management,14.0801 CM,CAED
CM,2208 ,Construction Management,14.0801 CM,CAED
CM,2212 ,Construction Management,14.0801 CM,CAED
CM,2214 ,Construction Management,14.0801 CM,CAED
CM,2216 ,Construction Management,14.0801 CM,CAED
CM,2218 ,Construction Management,14.0801 CM,CAED
CM,2222 ,Construction Management,14.0801 CM,CAED
CM,2224 ,Construction Management,14.0801 CM,CAED
CRP,2182 ,City and Regional Planning,04.0301 CRP,CAED
CRP,2184 ,City and Regional Planning,04.0301 CRP,CAED
CRP,2188 ,City and Regional Planning,04.0301 CRP,CAED
CRP,2192 ,City and Regional Planning,04.0301 CRP,CAED
CRP,2194 ,City and Regional Planning,04.0301 CRP,CAED
CRP,2196 ,City and Regional Planning,04.0301 CRP,CAED
CRP,2198 ,City and Regional Planning,04.0301 CRP,CAED
CRP,2202 ,City and Regional Planning,04.0301 CRP,CAED
CRP,2204 ,City and Regional Planning,04.0301 CRP,CAED
CRP,2206 ,City and Regional Planning,04.0301 CRP,CAED
CRP,2208 ,City and Regional Planning,04.0301 CRP,CAED
CRP,2212 ,City and Regional Planning,04.0301 CRP,CAED
CRP,2214 ,City and Regional Planning,04.0301 CRP,CAED
CRP,2216 ,City and Regional Planning,04.0301 CRP,CAED
CRP,2218 ,City and Regional Planning,04.0301 CRP,CAED
CRP,2222 ,City and Regional Planning,04.0301 CRP,CAED
CRP,2224 ,City and Regional Planning,04.0301 CRP,CAED
EDES,2182 ,Environmental Design,04.0401 EDES,CAED
EDES,2184 ,Environmental Design,04.0401 EDES,CAED
EDES,2188 ,Environmental Design,04.0401 EDES,CAED
EDES,2192 ,Environmental Design,04.0401 EDES,CAED
EDES,2194 ,Environmental Design,04.0401 EDES,CAED
EDES,2198 ,Environmental Design,04.0401 EDES,CAED
EDES,2202 ,Environmental Design,04.0401 EDES,CAED
EDES,2204 ,Environmental Design,04.0401 EDES,CAED
EDES,2206 ,Environmental Design,04.0401 EDES,CAED
EDES,2208 ,Environmental Design,04.0401 EDES,CAED
EDES,2212 ,Environmental Design,04.0401 EDES,CAED
EDES,2214 ,Environmental Design,04.0401 EDES,CAED
EDES,2216 ,Environmental Design,04.0401 EDES,CAED
EDES,2218 ,Environmental Design,04.0401 EDES,CAED
EDES,2222 ,Environmental Design,04.0401 EDES,CAED
EDES,2224 ,Environmental Design,04.0401 EDES,CAED
LA,2182 ,Landscape Architecture,04.0601 LA,CAED
LA,2184 ,Landscape Architecture,04.0601 LA,CAED
LA,2188 ,Landscape Architecture,04.0601 LA,CAED
LA,2192 ,Landscape Architecture,04.0601 LA,CAED
LA,2194 ,Landscape Architecture,04.0601 LA,CAED
LA,2198 ,Landscape Architecture,04.0601 LA,CAED
LA,2202 ,Landscape Architecture,04.0601 LA,CAED
LA,2204 ,Landscape Architecture,04.0601 LA,CAED
LA,2206 ,Landscape Architecture,04.0601 LA,CAED
LA,2208 ,Landscape Architecture,04.0601 LA,CAED
LA,2212 ,Landscape Architecture,04.0601 LA,CAED
LA,2214 ,Landscape Architecture,04.0601 LA,CAED
LA,2216 ,Landscape Architecture,04.0601 LA,CAED
LA,2218 ,Landscape Architecture,04.0601 LA,CAED
LA,2222 ,Landscape Architecture,04.0601 LA,CAED
LA,2224 ,Landscape Architecture,04.0601 LA,CAED
BUS,2182 ,Business,52.0101 BUS,OCOB
BUS,2184 ,Business,52.0101 BUS,OCOB
BUS,2186 ,Business,52.0101 BUS,OCOB
BUS,2188 ,Business,52.0101 BUS,OCOB
BUS,2192 ,Business,52.0101 BUS,OCOB
BUS,2194 ,Business,52.0101 BUS,OCOB
BUS,2196 ,Business,52.0101 BUS,OCOB
BUS,2198 ,Business,52.0101 BUS,OCOB
BUS,2202 ,Business,52.0101 BUS,OCOB
BUS,2204 ,Business,52.0101 BUS,OCOB
BUS,2206 ,Business,52.0101 BUS,OCOB
BUS,2208 ,Business,52.0101 BUS,OCOB
BUS,2212 ,Business,52.0101 BUS,OCOB
BUS,2214 ,Business,52.0101 BUS,OCOB
BUS,2216 ,Business,52.0101 BUS,OCOB
BUS,2218 ,Business,52.0101 BUS,OCOB
BUS,2222 ,Business,52.0101 BUS,OCOB
BUS,2224 ,Business,52.0101 BUS,OCOB
ECON,2182 ,Economics,45.0601 ECON,OCOB
ECON,2184 ,Economics,45.0601 ECON,OCOB
ECON,2186 ,Economics,45.0601 ECON,OCOB
ECON,2188 ,Economics,45.0601 ECON,OCOB
ECON,2192 ,Economics,45.0601 ECON,OCOB
ECON,2194 ,Economics,45.0601 ECON,OCOB
ECON,2196 ,Economics,45.0601 ECON,OCOB
ECON,2198 ,Economics,45.0601 ECON,OCOB
ECON,2202 ,Economics,45.0601 ECON,OCOB
ECON,2204 ,Economics,45.0601 ECON,OCOB
ECON,2206 ,Economics,45.0601 ECON,OCOB
ECON,2208 ,Economics,45.0601 ECON,OCOB
ECON,2212 ,Economics,45.0601 ECON,OCOB
ECON,2214 ,Economics,45.0601 ECON,OCOB
ECON,2216 ,Economics,45.0601 ECON,OCOB
ECON,2218 ,Economics,45.0601 ECON,OCOB
ECON,2222 ,Economics,45.0601 ECON,OCOB
ECON,2224 ,Economics,45.0601 ECON,OCOB
GSA,2216 ,Graduate Studies-Accounting,52.0301 GSA,OCOB
GSB,2182 ,Graduate Studies-Business,52.0101 GSB,OCOB
GSB,2184 ,Graduate Studies-Business,52.0101 GSB,OCOB
GSB,2186 ,Graduate Studies-Business,52.0101 GSB,OCOB
GSB,2188 ,Graduate Studies-Business,52.0101 GSB,OCOB
GSB,2192 ,Graduate Studies-Business,52.0101 GSB,OCOB
GSB,2194 ,Graduate Studies-Business,52.0101 GSB,OCOB
GSB,2196 ,Graduate Studies-Business,52.0101 GSB,OCOB
GSB,2198 ,Graduate Studies-Business,52.0101 GSB,OCOB
GSB,2202 ,Graduate Studies-Business,52.0101 GSB,OCOB
GSB,2204 ,Graduate Studies-Business,52.0101 GSB,OCOB
GSB,2206 ,Graduate Studies-Business,52.0101 GSB,OCOB
GSB,2208 ,Graduate Studies-Business,52.0101 GSB,OCOB
GSB,2212 ,Graduate Studies-Business,52.0101 GSB,OCOB
GSB,2214 ,Graduate Studies-Business,52.0101 GSB,OCOB
GSB,2218 ,Graduate Studies-Business,52.0101 GSB,OCOB
GSB,2222 ,Graduate Studies-Business,52.0101 GSB,OCOB
GSB,2224 ,Graduate Studies-Business,52.0101 GSB,OCOB
ITP,2182 ,Industrial Technology and Packaging,15.0612 ITP,OCOB
ITP,2184 ,Industrial Technology and Packaging,15.0612 ITP,OCOB
ITP,2186 ,Industrial Technology and Packaging,15.0612 ITP,OCOB
ITP,2188 ,Industrial Technology and Packaging,15.0612 ITP,OCOB
ITP,2192 ,Industrial Technology and Packaging,15.0612 ITP,OCOB
ITP,2194 ,Industrial Technology and Packaging,15.0612 ITP,OCOB
ITP,2196 ,Industrial Technology and Packaging,15.0612 ITP,OCOB
ITP,2198 ,Industrial Technology and Packaging,15.0612 ITP,OCOB
ITP,2202 ,Industrial Technology and Packaging,15.0612 ITP,OCOB
ITP,2204 ,Industrial Technology and Packaging,15.0612 ITP,OCOB
ITP,2206 ,Industrial Technology and Packaging,15.0612 ITP,OCOB
ITP,2208 ,Industrial Technology and Packaging,15.0612 ITP,OCOB
ITP,2212 ,Industrial Technology and Packaging,15.0612 ITP,OCOB
ITP,2214 ,Industrial Technology and Packaging,15.0612 ITP,OCOB
ITP,2216 ,Industrial Technology and Packaging,15.0612 ITP,OCOB
ITP,2218 ,Industrial Technology and Packaging,15.0612 ITP,OCOB
ITP,2222 ,Industrial Technology and Packaging,15.0612 ITP,OCOB
ITP,2224 ,Industrial Technology and Packaging,15.0612 ITP,OCOB
ANT,2182 ,Anthropology,45.0201 ANT,CLA
ANT,2184 ,Anthropology,45.0201 ANT,CLA
ANT,2186 ,Anthropology,45.0201 ANT,CLA
ANT,2188 ,Anthropology,45.0201 ANT,CLA
ANT,2192 ,Anthropology,45.0201 ANT,CLA
ANT,2194 ,Anthropology,45.0201 ANT,CLA
ANT,2196 ,Anthropology,45.0201 ANT,CLA
ANT,2198 ,Anthropology,45.0201 ANT,CLA
ANT,2202 ,Anthropology,45.0201 ANT,CLA
ANT,2204 ,Anthropology,45.0201 ANT,CLA
ANT,2206 ,Anthropology,45.0201 ANT,CLA
ANT,2208 ,Anthropology,45.0201 ANT,CLA
ANT,2212 ,Anthropology,45.0201 ANT,CLA
ANT,2214 ,Anthropology,45.0201 ANT,CLA
ANT,2216 ,Anthropology,45.0201 ANT,CLA
ANT,2218 ,Anthropology,45.0201 ANT,CLA
ANT,2222 ,Anthropology,45.0201 ANT,CLA
ANT,2224 ,Anthropology,45.0201 ANT,CLA
ART,2182 ,Art_,50.0799 ART,CLA
ART,2184 ,Art_,50.0799 ART,CLA
ART,2186 ,Art_,50.0799 ART,CLA
ART,2188 ,Art_,50.0799 ART,CLA
ART,2192 ,Art_,50.0799 ART,CLA
ART,2194 ,Art_,50.0799 ART,CLA
ART,2196 ,Art_,50.0799 ART,CLA
ART,2198 ,Art_,50.0799 ART,CLA
ART,2202 ,Art_,50.0799 ART,CLA
ART,2204 ,Art_,50.0799 ART,CLA
ART,2206 ,Art_,50.0799 ART,CLA
ART,2208 ,Art_,50.0799 ART,CLA
ART,2212 ,Art_,50.0799 ART,CLA
ART,2214 ,Art_,50.0799 ART,CLA
ART,2216 ,Art_,50.0799 ART,CLA
ART,2218 ,Art_,50.0799 ART,CLA
ART,2222 ,Art_,50.0799 ART,CLA
ART,2224 ,Art_,50.0799 ART,CLA
CD,2182 ,Child Development,19.0701 CD,CLA
CD,2184 ,Child Development,19.0701 CD,CLA
CD,2186 ,Child Development,19.0701 CD,CLA
CD,2188 ,Child Development,19.0701 CD,CLA
CD,2192 ,Child Development,19.0701 CD,CLA
CD,2194 ,Child Development,19.0701 CD,CLA
CD,2196 ,Child Development,19.0701 CD,CLA
CD,2198 ,Child Development,19.0701 CD,CLA
CD,2202 ,Child Development,19.0701 CD,CLA
CD,2204 ,Child Development,19.0701 CD,CLA
CD,2206 ,Child Development,19.0701 CD,CLA
CD,2208 ,Child Development,19.0701 CD,CLA
CD,2212 ,Child Development,19.0701 CD,CLA
CD,2214 ,Child Development,19.0701 CD,CLA
CD,2216 ,Child Development,19.0701 CD,CLA
CD,2218 ,Child Development,19.0701 CD,CLA
CD,2222 ,Child Development,19.0701 CD,CLA
CD,2224 ,Child Development,19.0701 CD,CLA
CHIN,2182 ,Chinese,16.0301 CHIN,CLA
CHIN,2184 ,Chinese,16.0301 CHIN,CLA
CHIN,2188 ,Chinese,16.0301 CHIN,CLA
CHIN,2192 ,Chinese,16.0301 CHIN,CLA
CHIN,2194 ,Chinese,16.0301 CHIN,CLA
CHIN,2198 ,Chinese,16.0301 CHIN,CLA
CHIN,2202 ,Chinese,16.0301 CHIN,CLA
CHIN,2204 ,Chinese,16.0301 CHIN,CLA
CHIN,2208 ,Chinese,16.0301 CHIN,CLA
CHIN,2212 ,Chinese,16.0301 CHIN,CLA
CHIN,2214 ,Chinese,16.0301 CHIN,CLA
CHIN,2218 ,Chinese,16.0301 CHIN,CLA
CHIN,2222 ,Chinese,16.0301 CHIN,CLA
CHIN,2224 ,Chinese,16.0301 CHIN,CLA
CLA,2208 ,College of Liberal Arts*,24.0101 CLA,CLA
CLA,2218 ,College of Liberal Arts*,24.0101 CLA,CLA
COMS,2182 ,Communication Studies,23.1001 COMS,CLA
COMS,2184 ,Communication Studies,23.1001 COMS,CLA
COMS,2186 ,Communication Studies,23.1001 COMS,CLA
COMS,2188 ,Communication Studies,23.1001 COMS,CLA
COMS,2192 ,Communication Studies,23.1001 COMS,CLA
COMS,2194 ,Communication Studies,23.1001 COMS,CLA
COMS,2196 ,Communication Studies,23.1001 COMS,CLA
COMS,2198 ,Communication Studies,23.1001 COMS,CLA
COMS,2202 ,Communication Studies,23.1001 COMS,CLA
COMS,2204 ,Communication Studies,23.1001 COMS,CLA
COMS,2206 ,Communication Studies,23.1001 COMS,CLA
COMS,2208 ,Communication Studies,23.1001 COMS,CLA
COMS,2212 ,Communication Studies,23.1001 COMS,CLA
COMS,2214 ,Communication Studies,23.1001 COMS,CLA
COMS,2216 ,Communication Studies,23.1001 COMS,CLA
COMS,2218 ,Communication Studies,23.1001 COMS,CLA
COMS,2222 ,Communication Studies,23.1001 COMS,CLA
COMS,2224 ,Communication Studies,23.1001 COMS,CLA
DANC,2182 ,Dance,50.0301 DANC,CLA
DANC,2184 ,Dance,50.0301 DANC,CLA
DANC,2188 ,Dance,50.0301 DANC,CLA
DANC,2192 ,Dance,50.0301 DANC,CLA
DANC,2194 ,Dance,50.0301 DANC,CLA
DANC,2196 ,Dance,50.0301 DANC,CLA
DANC,2198 ,Dance,50.0301 DANC,CLA
DANC,2202 ,Dance,50.0301 DANC,CLA
DANC,2204 ,Dance,50.0301 DANC,CLA
DANC,2206 ,Dance,50.0301 DANC,CLA
DANC,2208 ,Dance,50.0301 DANC,CLA
DANC,2212 ,Dance,50.0301 DANC,CLA
DANC,2214 ,Dance,50.0301 DANC,CLA
DANC,2216 ,Dance,50.0301 DANC,CLA
DANC,2218 ,Dance,50.0301 DANC,CLA
DANC,2222 ,Dance,50.0301 DANC,CLA
DANC,2224 ,Dance,50.0301 DANC,CLA
ENGL,2182 ,English,23.0101 ENGL,CLA
ENGL,2184 ,English,23.0101 ENGL,CLA
ENGL,2186 ,English,23.0101 ENGL,CLA
ENGL,2188 ,English,23.0101 ENGL,CLA
ENGL,2192 ,English,23.0101 ENGL,CLA
ENGL,2194 ,English,23.0101 ENGL,CLA
ENGL,2196 ,English,23.0101 ENGL,CLA
ENGL,2198 ,English,23.0101 ENGL,CLA
ENGL,2202 ,English,23.0101 ENGL,CLA
ENGL,2204 ,English,23.0101 ENGL,CLA
ENGL,2206 ,English,23.0101 ENGL,CLA
ENGL,2208 ,English,23.0101 ENGL,CLA
ENGL,2212 ,English,23.0101 ENGL,CLA
ENGL,2214 ,English,23.0101 ENGL,CLA
ENGL,2216 ,English,23.0101 ENGL,CLA
ENGL,2218 ,English,23.0101 ENGL,CLA
ENGL,2222 ,English,23.0101 ENGL,CLA
ENGL,2224 ,English,23.0101 ENGL,CLA
ES,2182 ,Ethnic Studies,45.9999 ES,CLA
ES,2184 ,Ethnic Studies,45.9999 ES,CLA
ES,2186 ,Ethnic Studies,45.9999 ES,CLA
ES,2188 ,Ethnic Studies,45.9999 ES,CLA
ES,2192 ,Ethnic Studies,45.9999 ES,CLA
ES,2194 ,Ethnic Studies,45.9999 ES,CLA
ES,2196 ,Ethnic Studies,45.9999 ES,CLA
ES,2198 ,Ethnic Studies,45.9999 ES,CLA
ES,2202 ,Ethnic Studies,45.9999 ES,CLA
ES,2204 ,Ethnic Studies,45.9999 ES,CLA
ES,2206 ,Ethnic Studies,45.9999 ES,CLA
ES,2208 ,Ethnic Studies,45.9999 ES,CLA
ES,2212 ,Ethnic Studies,45.9999 ES,CLA
ES,2214 ,Ethnic Studies,45.9999 ES,CLA
ES,2216 ,Ethnic Studies,45.9999 ES,CLA
ES,2218 ,Ethnic Studies,45.9999 ES,CLA
ES,2222 ,Ethnic Studies,45.9999 ES,CLA
ES,2224 ,Ethnic Studies,45.9999 ES,CLA
FR,2182 ,French,16.0901 FR,CLA
FR,2184 ,French,16.0901 FR,CLA
FR,2188 ,French,16.0901 FR,CLA
FR,2192 ,French,16.0901 FR,CLA
FR,2194 ,French,16.0901 FR,CLA
FR,2198 ,French,16.0901 FR,CLA
FR,2202 ,French,16.0901 FR,CLA
FR,2204 ,French,16.0901 FR,CLA
FR,2206 ,French,16.0901 FR,CLA
FR,2208 ,French,16.0901 FR,CLA
FR,2212 ,French,16.0901 FR,CLA
FR,2214 ,French,16.0901 FR,CLA
FR,2218 ,French,16.0901 FR,CLA
FR,2222 ,French,16.0901 FR,CLA
FR,2224 ,French,16.0901 FR,CLA
GEOG,2182 ,Geography,45.0701 GEOG,CLA
GEOG,2184 ,Geography,45.0701 GEOG,CLA
GEOG,2188 ,Geography,45.0701 GEOG,CLA
GEOG,2192 ,Geography,45.0701 GEOG,CLA
GEOG,2194 ,Geography,45.0701 GEOG,CLA
GEOG,2196 ,Geography,45.0701 GEOG,CLA
GEOG,2198 ,Geography,45.0701 GEOG,CLA
GEOG,2202 ,Geography,45.0701 GEOG,CLA
GEOG,2204 ,Geography,45.0701 GEOG,CLA
GEOG,2206 ,Geography,45.0701 GEOG,CLA
GEOG,2208 ,Geography,45.0701 GEOG,CLA
GEOG,2212 ,Geography,45.0701 GEOG,CLA
GEOG,2214 ,Geography,45.0701 GEOG,CLA
GEOG,2216 ,Geography,45.0701 GEOG,CLA
GEOG,2218 ,Geography,45.0701 GEOG,CLA
GEOG,2222 ,Geography,45.0701 GEOG,CLA
GEOG,2224 ,Geography,45.0701 GEOG,CLA
GER,2182 ,German,16.0501 GER,CLA
GER,2184 ,German,16.0501 GER,CLA
GER,2188 ,German,16.0501 GER,CLA
GER,2192 ,German,16.0501 GER,CLA
GER,2194 ,German,16.0501 GER,CLA
GER,2198 ,German,16.0501 GER,CLA
GER,2202 ,German,16.0501 GER,CLA
GER,2204 ,German,16.0501 GER,CLA
GER,2208 ,German,16.0501 GER,CLA
GER,2212 ,German,16.0501 GER,CLA
GER,2214 ,German,16.0501 GER,CLA
GER,2218 ,German,16.0501 GER,CLA
GER,2222 ,German,16.0501 GER,CLA
GER,2224 ,German,16.0501 GER,CLA
GRC,2182 ,Graphic Communication,10.0301 GRC,CLA
GRC,2184 ,Graphic Communication,10.0301 GRC,CLA
GRC,2186 ,Graphic Communication,10.0301 GRC,CLA
GRC,2188 ,Graphic Communication,10.0301 GRC,CLA
GRC,2192 ,Graphic Communication,10.0301 GRC,CLA
GRC,2194 ,Graphic Communication,10.0301 GRC,CLA
GRC,2196 ,Graphic Communication,10.0301 GRC,CLA
GRC,2198 ,Graphic Communication,10.0301 GRC,CLA
GRC,2202 ,Graphic Communication,10.0301 GRC,CLA
GRC,2204 ,Graphic Communication,10.0301 GRC,CLA
GRC,2206 ,Graphic Communication,10.0301 GRC,CLA
GRC,2208 ,Graphic Communication,10.0301 GRC,CLA
GRC,2212 ,Graphic Communication,10.0301 GRC,CLA
GRC,2214 ,Graphic Communication,10.0301 GRC,CLA
GRC,2216 ,Graphic Communication,10.0301 GRC,CLA
GRC,2218 ,Graphic Communication,10.0301 GRC,CLA
GRC,2222 ,Graphic Communication,10.0301 GRC,CLA
GRC,2224 ,Graphic Communication,10.0301 GRC,CLA
HIST,2182 ,History,54.0101 HIST,CLA
HIST,2184 ,History,54.0101 HIST,CLA
HIST,2186 ,History,54.0101 HIST,CLA
HIST,2188 ,History,54.0101 HIST,CLA
HIST,2192 ,History,54.0101 HIST,CLA
HIST,2194 ,History,54.0101 HIST,CLA
HIST,2196 ,History,54.0101 HIST,CLA
HIST,2198 ,History,54.0101 HIST,CLA
HIST,2202 ,History,54.0101 HIST,CLA
HIST,2204 ,History,54.0101 HIST,CLA
HIST,2206 ,History,54.0101 HIST,CLA
HIST,2208 ,History,54.0101 HIST,CLA
HIST,2212 ,History,54.0101 HIST,CLA
HIST,2214 ,History,54.0101 HIST,CLA
HIST,2216 ,History,54.0101 HIST,CLA
HIST,2218 ,History,54.0101 HIST,CLA
HIST,2222 ,History,54.0101 HIST,CLA
HIST,2224 ,History,54.0101 HIST,CLA
ISLA,2182 ,Interdisciplinary Studies in Liberal Arts,24.0199 ISLA,CLA
ISLA,2184 ,Interdisciplinary Studies in Liberal Arts,24.0199 ISLA,CLA
ISLA,2186 ,Interdisciplinary Studies in Liberal Arts,24.0199 ISLA,CLA
ISLA,2188 ,Interdisciplinary Studies in Liberal Arts,24.0199 ISLA,CLA
ISLA,2192 ,Interdisciplinary Studies in Liberal Arts,24.0199 ISLA,CLA
ISLA,2194 ,Interdisciplinary Studies in Liberal Arts,24.0199 ISLA,CLA
ISLA,2196 ,Interdisciplinary Studies in Liberal Arts,24.0199 ISLA,CLA
ISLA,2198 ,Interdisciplinary Studies in Liberal Arts,24.0199 ISLA,CLA
ISLA,2202 ,Interdisciplinary Studies in Liberal Arts,24.0199 ISLA,CLA
ISLA,2204 ,Interdisciplinary Studies in Liberal Arts,24.0199 ISLA,CLA
ISLA,2206 ,Interdisciplinary Studies in Liberal Arts,24.0199 ISLA,CLA
ISLA,2208 ,Interdisciplinary Studies in Liberal Arts,24.0199 ISLA,CLA
ISLA,2212 ,Interdisciplinary Studies in Liberal Arts,24.0199 ISLA,CLA
ISLA,2214 ,Interdisciplinary Studies in Liberal Arts,24.0199 ISLA,CLA
ISLA,2216 ,Interdisciplinary Studies in Liberal Arts,24.0199 ISLA,CLA
ISLA,2218 ,Interdisciplinary Studies in Liberal Arts,24.0199 ISLA,CLA
ISLA,2222 ,Interdisciplinary Studies in Liberal Arts,24.0199 ISLA,CLA
ISLA,2224 ,Interdisciplinary Studies in Liberal Arts,24.0199 ISLA,CLA
ITAL,2182 ,Italian,16.0902 ITAL,CLA
ITAL,2184 ,Italian,16.0902 ITAL,CLA
ITAL,2188 ,Italian,16.0902 ITAL,CLA
ITAL,2192 ,Italian,16.0902 ITAL,CLA
ITAL,2194 ,Italian,16.0902 ITAL,CLA
ITAL,2198 ,Italian,16.0902 ITAL,CLA
ITAL,2202 ,Italian,16.0902 ITAL,CLA
ITAL,2204 ,Italian,16.0902 ITAL,CLA
ITAL,2208 ,Italian,16.0902 ITAL,CLA
ITAL,2212 ,Italian,16.0902 ITAL,CLA
ITAL,2214 ,Italian,16.0902 ITAL,CLA
ITAL,2218 ,Italian,16.0902 ITAL,CLA
ITAL,2222 ,Italian,16.0902 ITAL,CLA
ITAL,2224 ,Italian,16.0902 ITAL,CLA
JOUR,2182 ,Journalism,09.0401 JOUR,CLA
JOUR,2184 ,Journalism,09.0401 JOUR,CLA
JOUR,2186 ,Journalism,09.0401 JOUR,CLA
JOUR,2188 ,Journalism,09.0401 JOUR,CLA
JOUR,2192 ,Journalism,09.0401 JOUR,CLA
JOUR,2194 ,Journalism,09.0401 JOUR,CLA
JOUR,2196 ,Journalism,09.0401 JOUR,CLA
JOUR,2198 ,Journalism,09.0401 JOUR,CLA
JOUR,2202 ,Journalism,09.0401 JOUR,CLA
JOUR,2204 ,Journalism,09.0401 JOUR,CLA
JOUR,2206 ,Journalism,09.0401 JOUR,CLA
JOUR,2208 ,Journalism,09.0401 JOUR,CLA
JOUR,2212 ,Journalism,09.0401 JOUR,CLA
JOUR,2214 ,Journalism,09.0401 JOUR,CLA
JOUR,2216 ,Journalism,09.0401 JOUR,CLA
JOUR,2218 ,Journalism,09.0401 JOUR,CLA
JOUR,2222 ,Journalism,09.0401 JOUR,CLA
JOUR,2224 ,Journalism,09.0401 JOUR,CLA
JPNS,2182 ,Japanese,16.0302 JPNS,CLA
JPNS,2184 ,Japanese,16.0302 JPNS,CLA
JPNS,2188 ,Japanese,16.0302 JPNS,CLA
JPNS,2192 ,Japanese,16.0302 JPNS,CLA
JPNS,2194 ,Japanese,16.0302 JPNS,CLA
JPNS,2198 ,Japanese,16.0302 JPNS,CLA
JPNS,2202 ,Japanese,16.0302 JPNS,CLA
JPNS,2204 ,Japanese,16.0302 JPNS,CLA
JPNS,2208 ,Japanese,16.0302 JPNS,CLA
JPNS,2212 ,Japanese,16.0302 JPNS,CLA
JPNS,2214 ,Japanese,16.0302 JPNS,CLA
JPNS,2218 ,Japanese,16.0302 JPNS,CLA
JPNS,2222 ,Japanese,16.0302 JPNS,CLA
JPNS,2224 ,Japanese,16.0302 JPNS,CLA
MU,2182 ,Music,50.0901 MU,CLA
MU,2184 ,Music,50.0901 MU,CLA
MU,2186 ,Music,50.0901 MU,CLA
MU,2188 ,Music,50.0901 MU,CLA
MU,2192 ,Music,50.0901 MU,CLA
MU,2194 ,Music,50.0901 MU,CLA
MU,2196 ,Music,50.0901 MU,CLA
MU,2198 ,Music,50.0901 MU,CLA
MU,2202 ,Music,50.0901 MU,CLA
MU,2204 ,Music,50.0901 MU,CLA
MU,2206 ,Music,50.0901 MU,CLA
MU,2208 ,Music,50.0901 MU,CLA
MU,2212 ,Music,50.0901 MU,CLA
MU,2214 ,Music,50.0901 MU,CLA
MU,2216 ,Music,50.0901 MU,CLA
MU,2218 ,Music,50.0901 MU,CLA
MU,2222 ,Music,50.0901 MU,CLA
MU,2224 ,Music,50.0901 MU,CLA
PHIL,2182 ,Philosophy,38.0101 PHIL,CLA
PHIL,2184 ,Philosophy,38.0101 PHIL,CLA
PHIL,2186 ,Philosophy,38.0101 PHIL,CLA
PHIL,2188 ,Philosophy,38.0101 PHIL,CLA
PHIL,2192 ,Philosophy,38.0101 PHIL,CLA
PHIL,2194 ,Philosophy,38.0101 PHIL,CLA
PHIL,2196 ,Philosophy,38.0101 PHIL,CLA
PHIL,2198 ,Philosophy,38.0101 PHIL,CLA
PHIL,2202 ,Philosophy,38.0101 PHIL,CLA
PHIL,2204 ,Philosophy,38.0101 PHIL,CLA
PHIL,2206 ,Philosophy,38.0101 PHIL,CLA
PHIL,2208 ,Philosophy,38.0101 PHIL,CLA
PHIL,2212 ,Philosophy,38.0101 PHIL,CLA
PHIL,2214 ,Philosophy,38.0101 PHIL,CLA
PHIL,2216 ,Philosophy,38.0101 PHIL,CLA
PHIL,2218 ,Philosophy,38.0101 PHIL,CLA
PHIL,2222 ,Philosophy,38.0101 PHIL,CLA
PHIL,2224 ,Philosophy,38.0101 PHIL,CLA
POLS,2182 ,Political Science,45.1001 POLS,CLA
POLS,2184 ,Political Science,45.1001 POLS,CLA
POLS,2186 ,Political Science,45.1001 POLS,CLA
POLS,2188 ,Political Science,45.1001 POLS,CLA
POLS,2192 ,Political Science,45.1001 POLS,CLA
POLS,2194 ,Political Science,45.1001 POLS,CLA
POLS,2196 ,Political Science,45.1001 POLS,CLA
POLS,2198 ,Political Science,45.1001 POLS,CLA
POLS,2202 ,Political Science,45.1001 POLS,CLA
POLS,2204 ,Political Science,45.1001 POLS,CLA
POLS,2206 ,Political Science,45.1001 POLS,CLA
POLS,2208 ,Political Science,45.1001 POLS,CLA
POLS,2212 ,Political Science,45.1001 POLS,CLA
POLS,2214 ,Political Science,45.1001 POLS,CLA
POLS,2216 ,Political Science,45.1001 POLS,CLA
POLS,2218 ,Political Science,45.1001 POLS,CLA
POLS,2222 ,Political Science,45.1001 POLS,CLA
POLS,2224 ,Political Science,45.1001 POLS,CLA
PSY,2182 ,Psychology,42.0101 PSY,CLA
PSY,2184 ,Psychology,42.0101 PSY,CLA
PSY,2186 ,Psychology,42.0101 PSY,CLA
PSY,2188 ,Psychology,42.0101 PSY,CLA
PSY,2192 ,Psychology,42.0101 PSY,CLA
PSY,2194 ,Psychology,42.0101 PSY,CLA
PSY,2196 ,Psychology,42.0101 PSY,CLA
PSY,2198 ,Psychology,42.0101 PSY,CLA
PSY,2202 ,Psychology,42.0101 PSY,CLA
PSY,2204 ,Psychology,42.0101 PSY,CLA
PSY,2206 ,Psychology,42.0101 PSY,CLA
PSY,2208 ,Psychology,42.0101 PSY,CLA
PSY,2212 ,Psychology,42.0101 PSY,CLA
PSY,2214 ,Psychology,42.0101 PSY,CLA
PSY,2216 ,Psychology,42.0101 PSY,CLA
PSY,2218 ,Psychology,42.0101 PSY,CLA
PSY,2222 ,Psychology,42.0101 PSY,CLA
PSY,2224 ,Psychology,42.0101 PSY,CLA
RELS,2182 ,Religious Studies,38.0201 RELS,CLA
RELS,2184 ,Religious Studies,38.0201 RELS,CLA
RELS,2186 ,Religious Studies,38.0201 RELS,CLA
RELS,2188 ,Religious Studies,38.0201 RELS,CLA
RELS,2192 ,Religious Studies,38.0201 RELS,CLA
RELS,2194 ,Religious Studies,38.0201 RELS,CLA
RELS,2196 ,Religious Studies,38.0201 RELS,CLA
RELS,2198 ,Religious Studies,38.0201 RELS,CLA
RELS,2202 ,Religious Studies,38.0201 RELS,CLA
RELS,2204 ,Religious Studies,38.0201 RELS,CLA
RELS,2206 ,Religious Studies,38.0201 RELS,CLA
RELS,2208 ,Religious Studies,38.0201 RELS,CLA
RELS,2212 ,Religious Studies,38.0201 RELS,CLA
RELS,2214 ,Religious Studies,38.0201 RELS,CLA
RELS,2216 ,Religious Studies,38.0201 RELS,CLA
RELS,2218 ,Religious Studies,38.0201 RELS,CLA
RELS,2222 ,Religious Studies,38.0201 RELS,CLA
RELS,2224 ,Religious Studies,38.0201 RELS,CLA
SOC,2182 ,Sociology,45.1101 SOC,CLA
SOC,2184 ,Sociology,45.1101 SOC,CLA
SOC,2186 ,Sociology,45.1101 SOC,CLA
SOC,2188 ,Sociology,45.1101 SOC,CLA
SOC,2192 ,Sociology,45.1101 SOC,CLA
SOC,2194 ,Sociology,45.1101 SOC,CLA
SOC,2196 ,Sociology,45.1101 SOC,CLA
SOC,2198 ,Sociology,45.1101 SOC,CLA
SOC,2202 ,Sociology,45.1101 SOC,CLA
SOC,2204 ,Sociology,45.1101 SOC,CLA
SOC,2206 ,Sociology,45.1101 SOC,CLA
SOC,2208 ,Sociology,45.1101 SOC,CLA
SOC,2212 ,Sociology,45.1101 SOC,CLA
SOC,2214 ,Sociology,45.1101 SOC,CLA
SOC,2216 ,Sociology,45.1101 SOC,CLA
SOC,2218 ,Sociology,45.1101 SOC,CLA
SOC,2222 ,Sociology,45.1101 SOC,CLA
SOC,2224 ,Sociology,45.1101 SOC,CLA
SOCS,2182 ,Social Sciences,45.0101 SOCS,CLA
SOCS,2192 ,Social Sciences,45.0101 SOCS,CLA
SOCS,2202 ,Social Sciences,45.0101 SOCS,CLA
SOCS,2212 ,Social Sciences,45.0101 SOCS,CLA
SPAN,2182 ,Spanish,16.0905 SPAN,CLA
SPAN,2184 ,Spanish,16.0905 SPAN,CLA
SPAN,2186 ,Spanish,16.0905 SPAN,CLA
SPAN,2188 ,Spanish,16.0905 SPAN,CLA
SPAN,2192 ,Spanish,16.0905 SPAN,CLA
SPAN,2194 ,Spanish,16.0905 SPAN,CLA
SPAN,2196 ,Spanish,16.0905 SPAN,CLA
SPAN,2198 ,Spanish,16.0905 SPAN,CLA
SPAN,2202 ,Spanish,16.0905 SPAN,CLA
SPAN,2204 ,Spanish,16.0905 SPAN,CLA
SPAN,2206 ,Spanish,16.0905 SPAN,CLA
SPAN,2208 ,Spanish,16.0905 SPAN,CLA
SPAN,2212 ,Spanish,16.0905 SPAN,CLA
SPAN,2214 ,Spanish,16.0905 SPAN,CLA
SPAN,2216 ,Spanish,16.0905 SPAN,CLA
SPAN,2218 ,Spanish,16.0905 SPAN,CLA
SPAN,2222 ,Spanish,16.0905 SPAN,CLA
SPAN,2224 ,Spanish,16.0905 SPAN,CLA
TH,2182 ,Theatre,50.0501 TH,CLA
TH,2184 ,Theatre,50.0501 TH,CLA
TH,2186 ,Theatre,50.0501 TH,CLA
TH,2188 ,Theatre,50.0501 TH,CLA
TH,2192 ,Theatre,50.0501 TH,CLA
TH,2194 ,Theatre,50.0501 TH,CLA
TH,2196 ,Theatre,50.0501 TH,CLA
TH,2198 ,Theatre,50.0501 TH,CLA
TH,2202 ,Theatre,50.0501 TH,CLA
TH,2204 ,Theatre,50.0501 TH,CLA
TH,2206 ,Theatre,50.0501 TH,CLA
TH,2208 ,Theatre,50.0501 TH,CLA
TH,2212 ,Theatre,50.0501 TH,CLA
TH,2214 ,Theatre,50.0501 TH,CLA
TH,2216 ,Theatre,50.0501 TH,CLA
TH,2218 ,Theatre,50.0501 TH,CLA
TH,2222 ,Theatre,50.0501 TH,CLA
TH,2224 ,Theatre,50.0501 TH,CLA
WGS,2182 ,Women's and Gender Studies,30.9999 WGS,CLA
WGS,2184 ,Women's and Gender Studies,30.9999 WGS,CLA
WGS,2186 ,Women's and Gender Studies,30.9999 WGS,CLA
WGS,2188 ,Women's and Gender Studies,30.9999 WGS,CLA
WGS,2192 ,Women's and Gender Studies,30.9999 WGS,CLA
WGS,2194 ,Women's and Gender Studies,30.9999 WGS,CLA
WGS,2196 ,Women's and Gender Studies,30.9999 WGS,CLA
WGS,2198 ,Women's and Gender Studies,30.9999 WGS,CLA
WGS,2202 ,Women's and Gender Studies,30.9999 WGS,CLA
WGS,2204 ,Women's and Gender Studies,30.9999 WGS,CLA
WGS,2206 ,Women's and Gender Studies,30.9999 WGS,CLA
WGS,2208 ,Women's and Gender Studies,30.9999 WGS,CLA
WGS,2212 ,Women's and Gender Studies,30.9999 WGS,CLA
WGS,2214 ,Women's and Gender Studies,30.9999 WGS,CLA
WGS,2216 ,Women's and Gender Studies,30.9999 WGS,CLA
WGS,2218 ,Women's and Gender Studies,30.9999 WGS,CLA
WGS,2222 ,Women's and Gender Studies,30.9999 WGS,CLA
WGS,2224 ,Women's and Gender Studies,30.9999 WGS,CLA
WLC,2182 ,World Languages and Cultures,16.0101 WLC,CLA
WLC,2184 ,World Languages and Cultures,16.0101 WLC,CLA
WLC,2186 ,World Languages and Cultures,16.0101 WLC,CLA
WLC,2188 ,World Languages and Cultures,16.0101 WLC,CLA
WLC,2192 ,World Languages and Cultures,16.0101 WLC,CLA
WLC,2194 ,World Languages and Cultures,16.0101 WLC,CLA
WLC,2196 ,World Languages and Cultures,16.0101 WLC,CLA
WLC,2198 ,World Languages and Cultures,16.0101 WLC,CLA
WLC,2202 ,World Languages and Cultures,16.0101 WLC,CLA
WLC,2204 ,World Languages and Cultures,16.0101 WLC,CLA
WLC,2206 ,World Languages and Cultures,16.0101 WLC,CLA
WLC,2208 ,World Languages and Cultures,16.0101 WLC,CLA
WLC,2212 ,World Languages and Cultures,16.0101 WLC,CLA
WLC,2214 ,World Languages and Cultures,16.0101 WLC,CLA
WLC,2216 ,World Languages and Cultures,16.0101 WLC,CLA
WLC,2218 ,World Languages and Cultures,16.0101 WLC,CLA
WLC,2222 ,World Languages and Cultures,16.0101 WLC,CLA
WLC,2224 ,World Languages and Cultures,16.0101 WLC,CLA
AERO,2182 ,Aerospace Engineering,14.0201 AERO,CENG
AERO,2184 ,Aerospace Engineering,14.0201 AERO,CENG
AERO,2186 ,Aerospace Engineering,14.0201 AERO,CENG
AERO,2188 ,Aerospace Engineering,14.0201 AERO,CENG
AERO,2192 ,Aerospace Engineering,14.0201 AERO,CENG
AERO,2194 ,Aerospace Engineering,14.0201 AERO,CENG
AERO,2196 ,Aerospace Engineering,14.0201 AERO,CENG
AERO,2198 ,Aerospace Engineering,14.0201 AERO,CENG
AERO,2202 ,Aerospace Engineering,14.0201 AERO,CENG
AERO,2204 ,Aerospace Engineering,14.0201 AERO,CENG
AERO,2206 ,Aerospace Engineering,14.0201 AERO,CENG
AERO,2208 ,Aerospace Engineering,14.0201 AERO,CENG
AERO,2212 ,Aerospace Engineering,14.0201 AERO,CENG
AERO,2214 ,Aerospace Engineering,14.0201 AERO,CENG
AERO,2216 ,Aerospace Engineering,14.0201 AERO,CENG
AERO,2218 ,Aerospace Engineering,14.0201 AERO,CENG
AERO,2222 ,Aerospace Engineering,14.0201 AERO,CENG
AERO,2224 ,Aerospace Engineering,14.0201 AERO,CENG
BMED,2182 ,Biomedical Engineering,14.05 BMED,CENG
BMED,2184 ,Biomedical Engineering,14.05 BMED,CENG
BMED,2186 ,Biomedical Engineering,14.05 BMED,CENG
BMED,2188 ,Biomedical Engineering,14.05 BMED,CENG
BMED,2192 ,Biomedical Engineering,14.05 BMED,CENG
BMED,2194 ,Biomedical Engineering,14.05 BMED,CENG
BMED,2196 ,Biomedical Engineering,14.05 BMED,CENG
BMED,2198 ,Biomedical Engineering,14.05 BMED,CENG
BMED,2202 ,Biomedical Engineering,14.05 BMED,CENG
BMED,2204 ,Biomedical Engineering,14.05 BMED,CENG
BMED,2206 ,Biomedical Engineering,14.05 BMED,CENG
BMED,2208 ,Biomedical Engineering,14.05 BMED,CENG
BMED,2212 ,Biomedical Engineering,14.05 BMED,CENG
BMED,2214 ,Biomedical Engineering,14.05 BMED,CENG
BMED,2216 ,Biomedical Engineering,14.05 BMED,CENG
BMED,2218 ,Biomedical Engineering,14.05 BMED,CENG
BMED,2222 ,Biomedical Engineering,14.05 BMED,CENG
BMED,2224 ,Biomedical Engineering,14.05 BMED,CENG
CE,2182 ,Civil Engineering,14.0801 CE,CENG
CE,2184 ,Civil Engineering,14.0801 CE,CENG
CE,2186 ,Civil Engineering,14.0801 CE,CENG
CE,2188 ,Civil Engineering,14.0801 CE,CENG
CE,2192 ,Civil Engineering,14.0801 CE,CENG
CE,2194 ,Civil Engineering,14.0801 CE,CENG
CE,2196 ,Civil Engineering,14.0801 CE,CENG
CE,2198 ,Civil Engineering,14.0801 CE,CENG
CE,2202 ,Civil Engineering,14.0801 CE,CENG
CE,2204 ,Civil Engineering,14.0801 CE,CENG
CE,2206 ,Civil Engineering,14.0801 CE,CENG
CE,2208 ,Civil Engineering,14.0801 CE,CENG
CE,2212 ,Civil Engineering,14.0801 CE,CENG
CE,2214 ,Civil Engineering,14.0801 CE,CENG
CE,2216 ,Civil Engineering,14.0801 CE,CENG
CE,2218 ,Civil Engineering,14.0801 CE,CENG
CE,2222 ,Civil Engineering,14.0801 CE,CENG
CE,2224 ,Civil Engineering,14.0801 CE,CENG
CPE,2182 ,Computer Engineering,14.0901 CPE,CENG
CPE,2184 ,Computer Engineering,14.0901 CPE,CENG
CPE,2186 ,Computer Engineering,14.0901 CPE,CENG
CPE,2188 ,Computer Engineering,14.0901 CPE,CENG
CPE,2192 ,Computer Engineering,14.0901 CPE,CENG
CPE,2194 ,Computer Engineering,14.0901 CPE,CENG
CPE,2196 ,Computer Engineering,14.0901 CPE,CENG
CPE,2198 ,Computer Engineering,14.0901 CPE,CENG
CPE,2202 ,Computer Engineering,14.0901 CPE,CENG
CPE,2204 ,Computer Engineering,14.0901 CPE,CENG
CPE,2206 ,Computer Engineering,14.0901 CPE,CENG
CPE,2208 ,Computer Engineering,14.0901 CPE,CENG
CPE,2212 ,Computer Engineering,14.0901 CPE,CENG
CPE,2214 ,Computer Engineering,14.0901 CPE,CENG
CPE,2216 ,Computer Engineering,14.0901 CPE,CENG
CPE,2218 ,Computer Engineering,14.0901 CPE,CENG
CPE,2222 ,Computer Engineering,14.0901 CPE,CENG
CPE,2224 ,Computer Engineering,14.0901 CPE,CENG
CSC,2182 ,Computer Science,11.0101 CSC,CENG
CSC,2184 ,Computer Science,11.0101 CSC,CENG
CSC,2186 ,Computer Science,11.0101 CSC,CENG
CSC,2188 ,Computer Science,11.0101 CSC,CENG
CSC,2192 ,Computer Science,11.0101 CSC,CENG
CSC,2194 ,Computer Science,11.0101 CSC,CENG
CSC,2196 ,Computer Science,11.0101 CSC,CENG
CSC,2198 ,Computer Science,11.0101 CSC,CENG
CSC,2202 ,Computer Science,11.0101 CSC,CENG
CSC,2204 ,Computer Science,11.0101 CSC,CENG
CSC,2206 ,Computer Science,11.0101 CSC,CENG
CSC,2208 ,Computer Science,11.0101 CSC,CENG
CSC,2212 ,Computer Science,11.0101 CSC,CENG
CSC,2214 ,Computer Science,11.0101 CSC,CENG
CSC,2216 ,Computer Science,11.0101 CSC,CENG
CSC,2218 ,Computer Science,11.0101 CSC,CENG
CSC,2222 ,Computer Science,11.0101 CSC,CENG
CSC,2224 ,Computer Science,11.0101 CSC,CENG
EE,2182 ,Electrical Engineering,14.1001 EE,CENG
EE,2184 ,Electrical Engineering,14.1001 EE,CENG
EE,2186 ,Electrical Engineering,14.1001 EE,CENG
EE,2188 ,Electrical Engineering,14.1001 EE,CENG
EE,2192 ,Electrical Engineering,14.1001 EE,CENG
EE,2194 ,Electrical Engineering,14.1001 EE,CENG
EE,2196 ,Electrical Engineering,14.1001 EE,CENG
EE,2198 ,Electrical Engineering,14.1001 EE,CENG
EE,2202 ,Electrical Engineering,14.1001 EE,CENG
EE,2204 ,Electrical Engineering,14.1001 EE,CENG
EE,2206 ,Electrical Engineering,14.1001 EE,CENG
EE,2208 ,Electrical Engineering,14.1001 EE,CENG
EE,2212 ,Electrical Engineering,14.1001 EE,CENG
EE,2214 ,Electrical Engineering,14.1001 EE,CENG
EE,2216 ,Electrical Engineering,14.1001 EE,CENG
EE,2218 ,Electrical Engineering,14.1001 EE,CENG
EE,2222 ,Electrical Engineering,14.1001 EE,CENG
EE,2224 ,Electrical Engineering,14.1001 EE,CENG
ENGR,2182 ,Engineering,14.0101 ENGR,CENG
ENGR,2184 ,Engineering,14.0101 ENGR,CENG
ENGR,2186 ,Engineering,14.0101 ENGR,CENG
ENGR,2188 ,Engineering,14.0101 ENGR,CENG
ENGR,2192 ,Engineering,14.0101 ENGR,CENG
ENGR,2194 ,Engineering,14.0101 ENGR,CENG
ENGR,2196 ,Engineering,14.0101 ENGR,CENG
ENGR,2198 ,Engineering,14.0101 ENGR,CENG
ENGR,2202 ,Engineering,14.0101 ENGR,CENG
ENGR,2204 ,Engineering,14.0101 ENGR,CENG
ENGR,2206 ,Engineering,14.0101 ENGR,CENG
ENGR,2208 ,Engineering,14.0101 ENGR,CENG
ENGR,2212 ,Engineering,14.0101 ENGR,CENG
ENGR,2214 ,Engineering,14.0101 ENGR,CENG
ENGR,2216 ,Engineering,14.0101 ENGR,CENG
ENGR,2218 ,Engineering,14.0101 ENGR,CENG
ENGR,2222 ,Engineering,14.0101 ENGR,CENG
ENGR,2224 ,Engineering,14.0101 ENGR,CENG
ENVE,2182 ,Environmental Engineering,14.1401 ENVE,CENG
ENVE,2184 ,Environmental Engineering,14.1401 ENVE,CENG
ENVE,2188 ,Environmental Engineering,14.1401 ENVE,CENG
ENVE,2192 ,Environmental Engineering,14.1401 ENVE,CENG
ENVE,2194 ,Environmental Engineering,14.1401 ENVE,CENG
ENVE,2198 ,Environmental Engineering,14.1401 ENVE,CENG
ENVE,2202 ,Environmental Engineering,14.1401 ENVE,CENG
ENVE,2204 ,Environmental Engineering,14.1401 ENVE,CENG
ENVE,2206 ,Environmental Engineering,14.1401 ENVE,CENG
ENVE,2208 ,Environmental Engineering,14.1401 ENVE,CENG
ENVE,2212 ,Environmental Engineering,14.1401 ENVE,CENG
ENVE,2214 ,Environmental Engineering,14.1401 ENVE,CENG
ENVE,2216 ,Environmental Engineering,14.1401 ENVE,CENG
ENVE,2218 ,Environmental Engineering,14.1401 ENVE,CENG
ENVE,2222 ,Environmental Engineering,14.1401 ENVE,CENG
ENVE,2224 ,Environmental Engineering,14.1401 ENVE,CENG
IME,2182 ,Industrial and Manufacturing Engineering,14.3501 IME,CENG
IME,2184 ,Industrial and Manufacturing Engineering,14.3501 IME,CENG
IME,2186 ,Industrial and Manufacturing Engineering,14.3501 IME,CENG
IME,2188 ,Industrial and Manufacturing Engineering,14.3501 IME,CENG
IME,2192 ,Industrial and Manufacturing Engineering,14.3501 IME,CENG
IME,2194 ,Industrial and Manufacturing Engineering,14.3501 IME,CENG
IME,2196 ,Industrial and Manufacturing Engineering,14.3501 IME,CENG
IME,2198 ,Industrial and Manufacturing Engineering,14.3501 IME,CENG
IME,2202 ,Industrial and Manufacturing Engineering,14.3501 IME,CENG
IME,2204 ,Industrial and Manufacturing Engineering,14.3501 IME,CENG
IME,2206 ,Industrial and Manufacturing Engineering,14.3501 IME,CENG
IME,2208 ,Industrial and Manufacturing Engineering,14.3501 IME,CENG
IME,2212 ,Industrial and Manufacturing Engineering,14.3501 IME,CENG
IME,2214 ,Industrial and Manufacturing Engineering,14.3501 IME,CENG
IME,2216 ,Industrial and Manufacturing Engineering,14.3501 IME,CENG
IME,2218 ,Industrial and Manufacturing Engineering,14.3501 IME,CENG
IME,2222 ,Industrial and Manufacturing Engineering,14.3501 IME,CENG
IME,2224 ,Industrial and Manufacturing Engineering,14.3501 IME,CENG
MATE,2182 ,Materials Engineering,14.1801 MATE,CENG
MATE,2184 ,Materials Engineering,14.1801 MATE,CENG
MATE,2186 ,Materials Engineering,14.1801 MATE,CENG
MATE,2188 ,Materials Engineering,14.1801 MATE,CENG
MATE,2192 ,Materials Engineering,14.1801 MATE,CENG
MATE,2194 ,Materials Engineering,14.1801 MATE,CENG
MATE,2196 ,Materials Engineering,14.1801 MATE,CENG
MATE,2198 ,Materials Engineering,14.1801 MATE,CENG
MATE,2202 ,Materials Engineering,14.1801 MATE,CENG
MATE,2204 ,Materials Engineering,14.1801 MATE,CENG
MATE,2206 ,Materials Engineering,14.1801 MATE,CENG
MATE,2208 ,Materials Engineering,14.1801 MATE,CENG
MATE,2212 ,Materials Engineering,14.1801 MATE,CENG
MATE,2214 ,Materials Engineering,14.1801 MATE,CENG
MATE,2216 ,Materials Engineering,14.1801 MATE,CENG
MATE,2218 ,Materials Engineering,14.1801 MATE,CENG
MATE,2222 ,Materials Engineering,14.1801 MATE,CENG
MATE,2224 ,Materials Engineering,14.1801 MATE,CENG
ME,2182 ,Mechanical Engineering,14.1901 ME,CENG
ME,2184 ,Mechanical Engineering,14.1901 ME,CENG
ME,2186 ,Mechanical Engineering,14.1901 ME,CENG
ME,2188 ,Mechanical Engineering,14.1901 ME,CENG
ME,2192 ,Mechanical Engineering,14.1901 ME,CENG
ME,2194 ,Mechanical Engineering,14.1901 ME,CENG
ME,2196 ,Mechanical Engineering,14.1901 ME,CENG
ME,2198 ,Mechanical Engineering,14.1901 ME,CENG
ME,2202 ,Mechanical Engineering,14.1901 ME,CENG
ME,2204 ,Mechanical Engineering,14.1901 ME,CENG
ME,2206 ,Mechanical Engineering,14.1901 ME,CENG
ME,2208 ,Mechanical Engineering,14.1901 ME,CENG
ME,2212 ,Mechanical Engineering,14.1901 ME,CENG
ME,2214 ,Mechanical Engineering,14.1901 ME,CENG
ME,2216 ,Mechanical Engineering,14.1901 ME,CENG
ME,2218 ,Mechanical Engineering,14.1901 ME,CENG
ME,2222 ,Mechanical Engineering,14.1901 ME,CENG
ME,2224 ,Mechanical Engineering,14.1901 ME,CENG
ASTR,2182 ,Astronomy,40.0201 ASTR,CSM
ASTR,2184 ,Astronomy,40.0201 ASTR,CSM
ASTR,2188 ,Astronomy,40.0201 ASTR,CSM
ASTR,2192 ,Astronomy,40.0201 ASTR,CSM
ASTR,2194 ,Astronomy,40.0201 ASTR,CSM
ASTR,2196 ,Astronomy,40.0201 ASTR,CSM
ASTR,2198 ,Astronomy,40.0201 ASTR,CSM
ASTR,2202 ,Astronomy,40.0201 ASTR,CSM
ASTR,2204 ,Astronomy,40.0201 ASTR,CSM
ASTR,2206 ,Astronomy,40.0201 ASTR,CSM
ASTR,2208 ,Astronomy,40.0201 ASTR,CSM
ASTR,2212 ,Astronomy,40.0201 ASTR,CSM
ASTR,2214 ,Astronomy,40.0201 ASTR,CSM
ASTR,2216 ,Astronomy,40.0201 ASTR,CSM
ASTR,2218 ,Astronomy,40.0201 ASTR,CSM
ASTR,2222 ,Astronomy,40.0201 ASTR,CSM
ASTR,2224 ,Astronomy,40.0201 ASTR,CSM
BIO,2182 ,Biology,26.0101 BIO,CSM
BIO,2184 ,Biology,26.0101 BIO,CSM
BIO,2186 ,Biology,26.0101 BIO,CSM
BIO,2188 ,Biology,26.0101 BIO,CSM
BIO,2192 ,Biology,26.0101 BIO,CSM
BIO,2194 ,Biology,26.0101 BIO,CSM
BIO,2196 ,Biology,26.0101 BIO,CSM
BIO,2198 ,Biology,26.0101 BIO,CSM
BIO,2202 ,Biology,26.0101 BIO,CSM
BIO,2204 ,Biology,26.0101 BIO,CSM
BIO,2206 ,Biology,26.0101 BIO,CSM
BIO,2208 ,Biology,26.0101 BIO,CSM
BIO,2212 ,Biology,26.0101 BIO,CSM
BIO,2214 ,Biology,26.0101 BIO,CSM
BIO,2216 ,Biology,26.0101 BIO,CSM
BIO,2218 ,Biology,26.0101 BIO,CSM
BIO,2222 ,Biology,26.0101 BIO,CSM
BIO,2224 ,Biology,26.0101 BIO,CSM
BOT,2182 ,Botany,26.0301 BOT,CSM
BOT,2184 ,Botany,26.0301 BOT,CSM
BOT,2186 ,Botany,26.0301 BOT,CSM
BOT,2188 ,Botany,26.0301 BOT,CSM
BOT,2192 ,Botany,26.0301 BOT,CSM
BOT,2194 ,Botany,26.0301 BOT,CSM
BOT,2196 ,Botany,26.0301 BOT,CSM
BOT,2198 ,Botany,26.0301 BOT,CSM
BOT,2202 ,Botany,26.0301 BOT,CSM
BOT,2204 ,Botany,26.0301 BOT,CSM
BOT,2206 ,Botany,26.0301 BOT,CSM
BOT,2208 ,Botany,26.0301 BOT,CSM
BOT,2212 ,Botany,26.0301 BOT,CSM
BOT,2214 ,Botany,26.0301 BOT,CSM
BOT,2216 ,Botany,26.0301 BOT,CSM
BOT,2218 ,Botany,26.0301 BOT,CSM
BOT,2222 ,Botany,26.0301 BOT,CSM
BOT,2224 ,Botany,26.0301 BOT,CSM
CHEM,2182 ,Chemistry,40.0501 CHEM,CSM
CHEM,2184 ,Chemistry,40.0501 CHEM,CSM
CHEM,2186 ,Chemistry,40.0501 CHEM,CSM
CHEM,2188 ,Chemistry,40.0501 CHEM,CSM
CHEM,2192 ,Chemistry,40.0501 CHEM,CSM
CHEM,2194 ,Chemistry,40.0501 CHEM,CSM
CHEM,2196 ,Chemistry,40.0501 CHEM,CSM
CHEM,2198 ,Chemistry,40.0501 CHEM,CSM
CHEM,2202 ,Chemistry,40.0501 CHEM,CSM
CHEM,2204 ,Chemistry,40.0501 CHEM,CSM
CHEM,2206 ,Chemistry,40.0501 CHEM,CSM
CHEM,2208 ,Chemistry,40.0501 CHEM,CSM
CHEM,2212 ,Chemistry,40.0501 CHEM,CSM
CHEM,2214 ,Chemistry,40.0501 CHEM,CSM
CHEM,2216 ,Chemistry,40.0501 CHEM,CSM
CHEM,2218 ,Chemistry,40.0501 CHEM,CSM
CHEM,2222 ,Chemistry,40.0501 CHEM,CSM
CHEM,2224 ,Chemistry,40.0501 CHEM,CSM
DATA,2182 ,Data Science,11.0199 DATA,CSM
DATA,2184 ,Data Science,11.0199 DATA,CSM
DATA,2188 ,Data Science,11.0199 DATA,CSM
DATA,2192 ,Data Science,11.0199 DATA,CSM
DATA,2194 ,Data Science,11.0199 DATA,CSM
DATA,2198 ,Data Science,11.0199 DATA,CSM
DATA,2202 ,Data Science,11.0199 DATA,CSM
DATA,2204 ,Data Science,11.0199 DATA,CSM
DATA,2206 ,Data Science,11.0199 DATA,CSM
DATA,2208 ,Data Science,11.0199 DATA,CSM
DATA,2212 ,Data Science,11.0199 DATA,CSM
DATA,2214 ,Data Science,11.0199 DATA,CSM
DATA,2216 ,Data Science,11.0199 DATA,CSM
DATA,2218 ,Data Science,11.0199 DATA,CSM
DATA,2222 ,Data Science,11.0199 DATA,CSM
DATA,2224 ,Data Science,11.0199 DATA,CSM
EDUC,2182 ,Education,13.0101 EDUC,CSM
EDUC,2184 ,Education,13.0101 EDUC,CSM
EDUC,2186 ,Education,13.0101 EDUC,CSM
EDUC,2188 ,Education,13.0101 EDUC,CSM
EDUC,2192 ,Education,13.0101 EDUC,CSM
EDUC,2194 ,Education,13.0101 EDUC,CSM
EDUC,2196 ,Education,13.0101 EDUC,CSM
EDUC,2198 ,Education,13.0101 EDUC,CSM
EDUC,2202 ,Education,13.0101 EDUC,CSM
EDUC,2204 ,Education,13.0101 EDUC,CSM
EDUC,2206 ,Education,13.0101 EDUC,CSM
EDUC,2208 ,Education,13.0101 EDUC,CSM
EDUC,2212 ,Education,13.0101 EDUC,CSM
EDUC,2214 ,Education,13.0101 EDUC,CSM
EDUC,2216 ,Education,13.0101 EDUC,CSM
EDUC,2218 ,Education,13.0101 EDUC,CSM
EDUC,2222 ,Education,13.0101 EDUC,CSM
EDUC,2224 ,Education,13.0101 EDUC,CSM
GEOL,2182 ,Geology,40.0601 GEOL,CSM
GEOL,2184 ,Geology,40.0601 GEOL,CSM
GEOL,2188 ,Geology,40.0601 GEOL,CSM
GEOL,2192 ,Geology,40.0601 GEOL,CSM
GEOL,2194 ,Geology,40.0601 GEOL,CSM
GEOL,2198 ,Geology,40.0601 GEOL,CSM
GEOL,2202 ,Geology,40.0601 GEOL,CSM
GEOL,2204 ,Geology,40.0601 GEOL,CSM
GEOL,2208 ,Geology,40.0601 GEOL,CSM
GEOL,2212 ,Geology,40.0601 GEOL,CSM
GEOL,2214 ,Geology,40.0601 GEOL,CSM
GEOL,2218 ,Geology,40.0601 GEOL,CSM
GEOL,2222 ,Geology,40.0601 GEOL,CSM
GEOL,2224 ,Geology,40.0601 GEOL,CSM
HLTH,2188 ,Health,51.2201 HLTH,CSM
HLTH,2192 ,Health,51.2201 HLTH,CSM
HLTH,2194 ,Health,51.2201 HLTH,CSM
HLTH,2196 ,Health,51.2201 HLTH,CSM
HLTH,2198 ,Health,51.2201 HLTH,CSM
HLTH,2202 ,Health,51.2201 HLTH,CSM
HLTH,2204 ,Health,51.2201 HLTH,CSM
HLTH,2206 ,Health,51.2201 HLTH,CSM
HLTH,2208 ,Health,51.2201 HLTH,CSM
HLTH,2212 ,Health,51.2201 HLTH,CSM
HLTH,2214 ,Health,51.2201 HLTH,CSM
HLTH,2216 ,Health,51.2201 HLTH,CSM
HLTH,2218 ,Health,51.2201 HLTH,CSM
HLTH,2222 ,Health,51.2201 HLTH,CSM
HLTH,2224 ,Health,51.2201 HLTH,CSM
KINE,2182 ,Kinesiology,13.1314 KINE,CSM
KINE,2184 ,Kinesiology,13.1314 KINE,CSM
KINE,2186 ,Kinesiology,13.1314 KINE,CSM
KINE,2188 ,Kinesiology,13.1314 KINE,CSM
KINE,2192 ,Kinesiology,13.1314 KINE,CSM
KINE,2194 ,Kinesiology,13.1314 KINE,CSM
KINE,2196 ,Kinesiology,13.1314 KINE,CSM
KINE,2198 ,Kinesiology,13.1314 KINE,CSM
KINE,2202 ,Kinesiology,13.1314 KINE,CSM
KINE,2204 ,Kinesiology,13.1314 KINE,CSM
KINE,2206 ,Kinesiology,13.1314 KINE,CSM
KINE,2208 ,Kinesiology,13.1314 KINE,CSM
KINE,2212 ,Kinesiology,13.1314 KINE,CSM
KINE,2214 ,Kinesiology,13.1314 KINE,CSM
KINE,2216 ,Kinesiology,13.1314 KINE,CSM
KINE,2218 ,Kinesiology,13.1314 KINE,CSM
KINE,2222 ,Kinesiology,13.1314 KINE,CSM
KINE,2224 ,Kinesiology,13.1314 KINE,CSM
LS,2182 ,Liberal Studies,24.0101 LS,CSM
LS,2184 ,Liberal Studies,24.0101 LS,CSM
LS,2188 ,Liberal Studies,24.0101 LS,CSM
LS,2192 ,Liberal Studies,24.0101 LS,CSM
LS,2194 ,Liberal Studies,24.0101 LS,CSM
LS,2198 ,Liberal Studies,24.0101 LS,CSM
LS,2202 ,Liberal Studies,24.0101 LS,CSM
LS,2204 ,Liberal Studies,24.0101 LS,CSM
LS,2206 ,Liberal Studies,24.0101 LS,CSM
LS,2208 ,Liberal Studies,24.0101 LS,CSM
LS,2212 ,Liberal Studies,24.0101 LS,CSM
LS,2214 ,Liberal Studies,24.0101 LS,CSM
LS,2218 ,Liberal Studies,24.0101 LS,CSM
LS,2222 ,Liberal Studies,24.0101 LS,CSM
LS,2224 ,Liberal Studies,24.0101 LS,CSM
MATH,2182 ,Mathematics,27.0101 MATH,CSM
MATH,2184 ,Mathematics,27.0101 MATH,CSM
MATH,2186 ,Mathematics,27.0101 MATH,CSM
MATH,2188 ,Mathematics,27.0101 MATH,CSM
MATH,2192 ,Mathematics,27.0101 MATH,CSM
MATH,2194 ,Mathematics,27.0101 MATH,CSM
MATH,2196 ,Mathematics,27.0101 MATH,CSM
MATH,2198 ,Mathematics,27.0101 MATH,CSM
MATH,2202 ,Mathematics,27.0101 MATH,CSM
MATH,2204 ,Mathematics,27.0101 MATH,CSM
MATH,2206 ,Mathematics,27.0101 MATH,CSM
MATH,2208 ,Mathematics,27.0101 MATH,CSM
MATH,2212 ,Mathematics,27.0101 MATH,CSM
MATH,2214 ,Mathematics,27.0101 MATH,CSM
MATH,2216 ,Mathematics,27.0101 MATH,CSM
MATH,2218 ,Mathematics,27.0101 MATH,CSM
MATH,2222 ,Mathematics,27.0101 MATH,CSM
MATH,2224 ,Mathematics,27.0101 MATH,CSM
MCRO,2182 ,Microbiology,26.0503 MCRO,CSM
MCRO,2184 ,Microbiology,26.0503 MCRO,CSM
MCRO,2186 ,Microbiology,26.0503 MCRO,CSM
MCRO,2188 ,Microbiology,26.0503 MCRO,CSM
MCRO,2192 ,Microbiology,26.0503 MCRO,CSM
MCRO,2194 ,Microbiology,26.0503 MCRO,CSM
MCRO,2196 ,Microbiology,26.0503 MCRO,CSM
MCRO,2198 ,Microbiology,26.0503 MCRO,CSM
MCRO,2202 ,Microbiology,26.0503 MCRO,CSM
MCRO,2204 ,Microbiology,26.0503 MCRO,CSM
MCRO,2206 ,Microbiology,26.0503 MCRO,CSM
MCRO,2208 ,Microbiology,26.0503 MCRO,CSM
MCRO,2212 ,Microbiology,26.0503 MCRO,CSM
MCRO,2214 ,Microbiology,26.0503 MCRO,CSM
MCRO,2216 ,Microbiology,26.0503 MCRO,CSM
MCRO,2218 ,Microbiology,26.0503 MCRO,CSM
MCRO,2222 ,Microbiology,26.0503 MCRO,CSM
MCRO,2224 ,Microbiology,26.0503 MCRO,CSM
MSCI,2182 ,Marine Science,30.3201 MSCI,CSM
MSCI,2184 ,Marine Science,30.3201 MSCI,CSM
MSCI,2186 ,Marine Science,30.3201 MSCI,CSM
MSCI,2188 ,Marine Science,30.3201 MSCI,CSM
MSCI,2192 ,Marine Science,30.3201 MSCI,CSM
MSCI,2194 ,Marine Science,30.3201 MSCI,CSM
MSCI,2196 ,Marine Science,30.3201 MSCI,CSM
MSCI,2198 ,Marine Science,30.3201 MSCI,CSM
MSCI,2202 ,Marine Science,30.3201 MSCI,CSM
MSCI,2204 ,Marine Science,30.3201 MSCI,CSM
MSCI,2206 ,Marine Science,30.3201 MSCI,CSM
MSCI,2208 ,Marine Science,30.3201 MSCI,CSM
MSCI,2212 ,Marine Science,30.3201 MSCI,CSM
MSCI,2214 ,Marine Science,30.3201 MSCI,CSM
MSCI,2216 ,Marine Science,30.3201 MSCI,CSM
MSCI,2218 ,Marine Science,30.3201 MSCI,CSM
MSCI,2222 ,Marine Science,30.3201 MSCI,CSM
MSCI,2224 ,Marine Science,30.3201 MSCI,CSM
PHYS,2182 ,Physics,40.0801 PHYS,CSM
PHYS,2184 ,Physics,40.0801 PHYS,CSM
PHYS,2186 ,Physics,40.0801 PHYS,CSM
PHYS,2188 ,Physics,40.0801 PHYS,CSM
PHYS,2192 ,Physics,40.0801 PHYS,CSM
PHYS,2194 ,Physics,40.0801 PHYS,CSM
PHYS,2196 ,Physics,40.0801 PHYS,CSM
PHYS,2198 ,Physics,40.0801 PHYS,CSM
PHYS,2202 ,Physics,40.0801 PHYS,CSM
PHYS,2204 ,Physics,40.0801 PHYS,CSM
PHYS,2206 ,Physics,40.0801 PHYS,CSM
PHYS,2208 ,Physics,40.0801 PHYS,CSM
PHYS,2212 ,Physics,40.0801 PHYS,CSM
PHYS,2214 ,Physics,40.0801 PHYS,CSM
PHYS,2216 ,Physics,40.0801 PHYS,CSM
PHYS,2218 ,Physics,40.0801 PHYS,CSM
PHYS,2222 ,Physics,40.0801 PHYS,CSM
PHYS,2224 ,Physics,40.0801 PHYS,CSM
PSC,2182 ,Physical Sciences,40.0101 PSC,CSM
PSC,2184 ,Physical Sciences,40.0101 PSC,CSM
PSC,2188 ,Physical Sciences,40.0101 PSC,CSM
PSC,2192 ,Physical Sciences,40.0101 PSC,CSM
PSC,2194 ,Physical Sciences,40.0101 PSC,CSM
PSC,2198 ,Physical Sciences,40.0101 PSC,CSM
PSC,2202 ,Physical Sciences,40.0101 PSC,CSM
PSC,2204 ,Physical Sciences,40.0101 PSC,CSM
PSC,2208 ,Physical Sciences,40.0101 PSC,CSM
PSC,2212 ,Physical Sciences,40.0101 PSC,CSM
PSC,2214 ,Physical Sciences,40.0101 PSC,CSM
PSC,2218 ,Physical Sciences,40.0101 PSC,CSM
PSC,2222 ,Physical Sciences,40.0101 PSC,CSM
PSC,2224 ,Physical Sciences,40.0101 PSC,CSM
SCM,2182 ,Science and Mathematics,30.0101 SCM,CSM
SCM,2184 ,Science and Mathematics,30.0101 SCM,CSM
SCM,2188 ,Science and Mathematics,30.0101 SCM,CSM
SCM,2192 ,Science and Mathematics,30.0101 SCM,CSM
SCM,2194 ,Science and Mathematics,30.0101 SCM,CSM
SCM,2198 ,Science and Mathematics,30.0101 SCM,CSM
SCM,2202 ,Science and Mathematics,30.0101 SCM,CSM
SCM,2204 ,Science and Mathematics,30.0101 SCM,CSM
SCM,2206 ,Science and Mathematics,30.0101 SCM,CSM
SCM,2208 ,Science and Mathematics,30.0101 SCM,CSM
SCM,2212 ,Science and Mathematics,30.0101 SCM,CSM
SCM,2214 ,Science and Mathematics,30.0101 SCM,CSM
SCM,2218 ,Science and Mathematics,30.0101 SCM,CSM
SCM,2222 ,Science and Mathematics,30.0101 SCM,CSM
SCM,2224 ,Science and Mathematics,30.0101 SCM,CSM
SPED,2198 ,Special Education,13.1001 SPED,CSM
SPED,2202 ,Special Education,13.1001 SPED,CSM
SPED,2208 ,Special Education,13.1001 SPED,CSM
SPED,2212 ,Special Education,13.1001 SPED,CSM
SPED,2218 ,Special Education,13.1001 SPED,CSM
SPED,2222 ,Special Education,13.1001 SPED,CSM
STAT,2182 ,Statistics,27.0501 STAT,CSM
STAT,2184 ,Statistics,27.0501 STAT,CSM
STAT,2186 ,Statistics,27.0501 STAT,CSM
STAT,2188 ,Statistics,27.0501 STAT,CSM
STAT,2192 ,Statistics,27.0501 STAT,CSM
STAT,2194 ,Statistics,27.0501 STAT,CSM
STAT,2196 ,Statistics,27.0501 STAT,CSM
STAT,2198 ,Statistics,27.0501 STAT,CSM
STAT,2202 ,Statistics,27.0501 STAT,CSM
STAT,2204 ,Statistics,27.0501 STAT,CSM
STAT,2206 ,Statistics,27.0501 STAT,CSM
STAT,2208 ,Statistics,27.0501 STAT,CSM
STAT,2212 ,Statistics,27.0501 STAT,CSM
STAT,2214 ,Statistics,27.0501 STAT,CSM
STAT,2216 ,Statistics,27.0501 STAT,CSM
STAT,2218 ,Statistics,27.0501 STAT,CSM
STAT,2222 ,Statistics,27.0501 STAT,CSM
STAT,2224 ,Statistics,27.0501 STAT,CSM
AP,2182 ,Affiliated Programs,None,ALL
AP,2184 ,Affiliated Programs,None,ALL
AP,2186 ,Affiliated Programs,None,ALL
AP,2188 ,Affiliated Programs,None,ALL
AP,2192 ,Affiliated Programs,None,ALL
AP,2194 ,Affiliated Programs,None,ALL
AP,2196 ,Affiliated Programs,None,ALL
AP,2198 ,Affiliated Programs,None,ALL
AP,2202 ,Affiliated Programs,None,ALL
AP,2204 ,Affiliated Programs,None,ALL
AP,2206 ,Affiliated Programs,None,ALL
AP,2208 ,Affiliated Programs,None,ALL
AP,2212 ,Affiliated Programs,None,ALL
AP,2214 ,Affiliated Programs,None,ALL
AP,2216 ,Affiliated Programs,None,ALL
AP,2218 ,Affiliated Programs,None,ALL
AP,2222 ,Affiliated Programs,None,ALL
AP,2224 ,Affiliated Programs,None,ALL
CMAT,2182 ,Course Match,None,ALL
CMAT,2184 ,Course Match,None,ALL
CMAT,2188 ,Course Match,None,ALL
CMAT,2192 ,Course Match,None,ALL
CMAT,2194 ,Course Match,None,ALL
CMAT,2198 ,Course Match,None,ALL
CMAT,2202 ,Course Match,None,ALL
CMAT,2204 ,Course Match,None,ALL
CMAT,2208 ,Course Match,None,ALL
CMAT,2212 ,Course Match,None,ALL
CMAT,2214 ,Course Match,None,ALL
CMAT,2218 ,Course Match,None,ALL
CMAT,2222 ,Course Match,None,ALL
CMAT,2224 ,Course Match,None,ALL
CSUC,2182 ,CSU Concurrent,None,ALL
CSUC,2184 ,CSU Concurrent,None,ALL
CSUC,2186 ,CSU Concurrent,None,ALL
CSUC,2188 ,CSU Concurrent,None,ALL
CSUC,2192 ,CSU Concurrent,None,ALL
CSUC,2194 ,CSU Concurrent,None,ALL
CSUC,2196 ,CSU Concurrent,None,ALL
CSUC,2198 ,CSU Concurrent,None,ALL
CSUC,2202 ,CSU Concurrent,None,ALL
CSUC,2204 ,CSU Concurrent,None,ALL
CSUC,2206 ,CSU Concurrent,None,ALL
CSUC,2208 ,CSU Concurrent,None,ALL
CSUC,2212 ,CSU Concurrent,None,ALL
CSUC,2214 ,CSU Concurrent,None,ALL
CSUC,2216 ,CSU Concurrent,None,ALL
CSUC,2218 ,CSU Concurrent,None,ALL
CSUC,2222 ,CSU Concurrent,None,ALL
CSUC,2224 ,CSU Concurrent,None,ALL
CSUV,2182 ,CSU Visitor,None,ALL
CSUV,2184 ,CSU Visitor,None,ALL
CSUV,2186 ,CSU Visitor,None,ALL
CSUV,2188 ,CSU Visitor,None,ALL
CSUV,2192 ,CSU Visitor,None,ALL
CSUV,2194 ,CSU Visitor,None,ALL
CSUV,2196 ,CSU Visitor,None,ALL
CSUV,2198 ,CSU Visitor,None,ALL
CSUV,2202 ,CSU Visitor,None,ALL
CSUV,2204 ,CSU Visitor,None,ALL
CSUV,2206 ,CSU Visitor,None,ALL
CSUV,2208 ,CSU Visitor,None,ALL
CSUV,2212 ,CSU Visitor,None,ALL
CSUV,2214 ,CSU Visitor,None,ALL
CSUV,2216 ,CSU Visitor,None,ALL
CSUV,2218 ,CSU Visitor,None,ALL
CSUV,2222 ,CSU Visitor,None,ALL
CSUV,2224 ,CSU Visitor,None,ALL
DE,2182 ,Department Exchange,None,ALL
DE,2184 ,Department Exchange,None,ALL
DE,2186 ,Department Exchange,None,ALL
DE,2188 ,Department Exchange,None,ALL
DE,2192 ,Department Exchange,None,ALL
DE,2194 ,Department Exchange,None,ALL
DE,2196 ,Department Exchange,None,ALL
DE,2198 ,Department Exchange,None,ALL
DE,2202 ,Department Exchange,None,ALL
DE,2204 ,Department Exchange,None,ALL
DE,2206 ,Department Exchange,None,ALL
DE,2208 ,Department Exchange,None,ALL
DE,2212 ,Department Exchange,None,ALL
DE,2214 ,Department Exchange,None,ALL
DE,2216 ,Department Exchange,None,ALL
DE,2218 ,Department Exchange,None,ALL
DE,2222 ,Department Exchange,None,ALL
DE,2224 ,Department Exchange,None,ALL
HNRC,2182 ,Honors Contract,30.9999 HNRC,ALL
HNRC,2184 ,Honors Contract,30.9999 HNRC,ALL
HNRC,2188 ,Honors Contract,30.9999 HNRC,ALL
HNRC,2192 ,Honors Contract,30.9999 HNRC,ALL
HNRC,2194 ,Honors Contract,30.9999 HNRC,ALL
HNRC,2198 ,Honors Contract,30.9999 HNRC,ALL
HNRC,2202 ,Honors Contract,30.9999 HNRC,ALL
HNRC,2204 ,Honors Contract,30.9999 HNRC,ALL
HNRC,2208 ,Honors Contract,30.9999 HNRC,ALL
HNRC,2212 ,Honors Contract,30.9999 HNRC,ALL
HNRC,2214 ,Honors Contract,30.9999 HNRC,ALL
HNRC,2218 ,Honors Contract,30.9999 HNRC,ALL
HNRC,2222 ,Honors Contract,30.9999 HNRC,ALL
HNRC,2224 ,Honors Contract,30.9999 HNRC,ALL
HNRS,2182 ,Honors,30.9999 HNRS,ALL
HNRS,2184 ,Honors,30.9999 HNRS,ALL
HNRS,2186 ,Honors,30.9999 HNRS,ALL
HNRS,2188 ,Honors,30.9999 HNRS,ALL
HNRS,2192 ,Honors,30.9999 HNRS,ALL
HNRS,2194 ,Honors,30.9999 HNRS,ALL
HNRS,2198 ,Honors,30.9999 HNRS,ALL
HNRS,2202 ,Honors,30.9999 HNRS,ALL
HNRS,2204 ,Honors,30.9999 HNRS,ALL
HNRS,2208 ,Honors,30.9999 HNRS,ALL
HNRS,2212 ,Honors,30.9999 HNRS,ALL
HNRS,2214 ,Honors,30.9999 HNRS,ALL
HNRS,2218 ,Honors,30.9999 HNRS,ALL
HNRS,2222 ,Honors,30.9999 HNRS,ALL
HNRS,2224 ,Honors,30.9999 HNRS,ALL
IP,2182 ,International Programs,None,ALL
IP,2184 ,International Programs,None,ALL
IP,2186 ,International Programs,None,ALL
IP,2188 ,International Programs,None,ALL
IP,2192 ,International Programs,None,ALL
IP,2194 ,International Programs,None,ALL
IP,2196 ,International Programs,None,ALL
IP,2198 ,International Programs,None,ALL
IP,2202 ,International Programs,None,ALL
IP,2204 ,International Programs,None,ALL
IP,2206 ,International Programs,None,ALL
IP,2208 ,International Programs,None,ALL
IP,2212 ,International Programs,None,ALL
IP,2214 ,International Programs,None,ALL
IP,2216 ,International Programs,None,ALL
IP,2218 ,International Programs,None,ALL
IP,2222 ,International Programs,None,ALL
IP,2224 ,International Programs,None,ALL
LAES,2182 ,Liberal Arts and Engineering Studies,24.0199 LAES,ALL
LAES,2184 ,Liberal Arts and Engineering Studies,24.0199 LAES,ALL
LAES,2188 ,Liberal Arts and Engineering Studies,24.0199 LAES,ALL
LAES,2192 ,Liberal Arts and Engineering Studies,24.0199 LAES,ALL
LAES,2194 ,Liberal Arts and Engineering Studies,24.0199 LAES,ALL
LAES,2198 ,Liberal Arts and Engineering Studies,24.0199 LAES,ALL
LAES,2202 ,Liberal Arts and Engineering Studies,24.0199 LAES,ALL
LAES,2204 ,Liberal Arts and Engineering Studies,24.0199 LAES,ALL
LAES,2208 ,Liberal Arts and Engineering Studies,24.0199 LAES,ALL
LAES,2212 ,Liberal Arts and Engineering Studies,24.0199 LAES,ALL
LAES,2214 ,Liberal Arts and Engineering Studies,24.0199 LAES,ALL
LAES,2218 ,Liberal Arts and Engineering Studies,24.0199 LAES,ALL
LAES,2222 ,Liberal Arts and Engineering Studies,24.0199 LAES,ALL
LAES,2224 ,Liberal Arts and Engineering Studies,24.0199 LAES,ALL
NE,2182 ,National Exchange,None,ALL
NE,2184 ,National Exchange,None,ALL
NE,2186 ,National Exchange,None,ALL
NE,2188 ,National Exchange,None,ALL
NE,2192 ,National Exchange,None,ALL
NE,2194 ,National Exchange,None,ALL
NE,2196 ,National Exchange,None,ALL
NE,2198 ,National Exchange,None,ALL
NE,2202 ,National Exchange,None,ALL
NE,2204 ,National Exchange,None,ALL
NE,2206 ,National Exchange,None,ALL
NE,2208 ,National Exchange,None,ALL
NE,2212 ,National Exchange,None,ALL
NE,2214 ,National Exchange,None,ALL
NE,2216 ,National Exchange,None,ALL
NE,2218 ,National Exchange,None,ALL
NE,2222 ,National Exchange,None,ALL
NE,2224 ,National Exchange,None,ALL
PEM,2182 ,Intercollegiate Athletics-Men,13.1314 PEM,ALL
PEM,2184 ,Intercollegiate Athletics-Men,13.1314 PEM,ALL
PEM,2188 ,Intercollegiate Athletics-Men,13.1314 PEM,ALL
PEM,2192 ,Intercollegiate Athletics-Men,13.1314 PEM,ALL
PEM,2194 ,Intercollegiate Athletics-Men,13.1314 PEM,ALL
PEM,2198 ,Intercollegiate Athletics-Men,13.1314 PEM,ALL
PEM,2202 ,Intercollegiate Athletics-Men,13.1314 PEM,ALL
PEM,2204 ,Intercollegiate Athletics-Men,13.1314 PEM,ALL
PEM,2208 ,Intercollegiate Athletics-Men,13.1314 PEM,ALL
PEM,2212 ,Intercollegiate Athletics-Men,13.1314 PEM,ALL
PEM,2214 ,Intercollegiate Athletics-Men,13.1314 PEM,ALL
PEM,2218 ,Intercollegiate Athletics-Men,13.1314 PEM,ALL
PEM,2222 ,Intercollegiate Athletics-Men,13.1314 PEM,ALL
PEM,2224 ,Intercollegiate Athletics-Men,13.1314 PEM,ALL
PEW,2182 ,Intercollegiate Athletics-Women,13.1314 PEW,ALL
PEW,2184 ,Intercollegiate Athletics-Women,13.1314 PEW,ALL
PEW,2188 ,Intercollegiate Athletics-Women,13.1314 PEW,ALL
PEW,2192 ,Intercollegiate Athletics-Women,13.1314 PEW,ALL
PEW,2194 ,Intercollegiate Athletics-Women,13.1314 PEW,ALL
PEW,2198 ,Intercollegiate Athletics-Women,13.1314 PEW,ALL
PEW,2202 ,Intercollegiate Athletics-Women,13.1314 PEW,ALL
PEW,2204 ,Intercollegiate Athletics-Women,13.1314 PEW,ALL
PEW,2208 ,Intercollegiate Athletics-Women,13.1314 PEW,ALL
PEW,2212 ,Intercollegiate Athletics-Women,13.1314 PEW,ALL
PEW,2214 ,Intercollegiate Athletics-Women,13.1314 PEW,ALL
PEW,2218 ,Intercollegiate Athletics-Women,13.1314 PEW,ALL
PEW,2222 ,Intercollegiate Athletics-Women,13.1314 PEW,ALL
PEW,2224 ,Intercollegiate Athletics-Women,13.1314 PEW,ALL
UNIV,2184 ,University Studies,30.9999 UNIV,ALL
UNIV,2186 ,University Studies,30.9999 UNIV,ALL
UNIV,2188 ,University Studies,30.9999 UNIV,ALL
UNIV,2194 ,University Studies,30.9999 UNIV,ALL
UNIV,2198 ,University Studies,30.9999 UNIV,ALL
UNIV,2204 ,University Studies,30.9999 UNIV,ALL
UNIV,2206 ,University Studies,30.9999 UNIV,ALL
UNIV,2208 ,University Studies,30.9999 UNIV,ALL
UNIV,2214 ,University Studies,30.9999 UNIV,ALL
UNIV,2216 ,University Studies,30.9999 UNIV,ALL
UNIV,2218 ,University Studies,30.9999 UNIV,ALL
UNIV,2222 ,University Studies,30.9999 UNIV,ALL
UNIV,2224 ,University Studies,30.9999 UNIV,ALL
